0,1,2,3
339964,1289968.0,1230.0,569.0
35691,54479.0,8853.0,114604.0
112160,1114610.0,1114612.0,1114607.0
64690,110014.0,17419.0,30614.0
1018,3489.0,15007.0,15009.0
10285,62596.0,51579.0,16662.0
73861,15265.0,66027.0,1051260.0
298312,1385063.0,1198286.0,17696.0
8967,287.0,83002.0,10981.0
8810,2461.0,27752.0,933020.0
18176,62.0,37153.0,56680.0
426230,78324.0,61110.0,1181326.0
948,8944.0,11770.0,9221.0
10017,6952.0,11151.0,6681.0
9770,4483.0,15854.0,8891.0
546,7431.0,4521.0,7427.0
309886,2461.0,3905.0,8688.0
8193,53929.0,20190.0,5727.0
9456,205.0,7676.0,11867.0
13020,9979.0,939017.0,568404.0
5879,552315.0,21503.0,46239.0
624,514.0,2778.0,1926100.0
37722,6161.0,228.0,8289.0
39414,10859.0,54693.0,8447.0
1587,85.0,6193.0,3196.0
244267,10692.0,469759.0,222330.0
25196,72466.0,1229.0,3087.0
17473,81916.0,81922.0,81919.0
1546,6384.0,4937.0,3063.0
9388,16431.0,3905.0,49.0
68924,109.0,8945.0,10205.0
1365,4587.0,1810.0,879.0
2142,16483.0,380.0,418.0
370663,1543094.0,1503534.0,26973.0
43923,58225.0,34847.0,37153.0
2016,2408.0,19119.0,20667.0
13008,17051.0,55089.0,27578.0
231576,5374.0,125025.0,54415.0
13195,3895.0,3416.0,58502.0
12498,879.0,3087.0,155.0
242095,2975.0,1173984.0,1017347.0
11229,368.0,2628.0,71913.0
10925,62019.0,97619.0,14852.0
9081,569.0,1884.0,6163.0
3134,574353.0,146243.0,933799.0
11545,935.0,1532.0,1248.0
41280,35319.0,42157.0,35516.0
5781,3822.0,14821.0,10500.0
14337,76624.0,1080295.0,76625.0
11448,1283.0,1243.0,1164.0
400,4690.0,884.0,1271.0
9787,17604.0,1810.0,46593.0
8327,55119.0,1070647.0,55125.0
14748,37625.0,3064.0,63311.0
12890,27578.0,6065.0,520.0
24469,17288.0,45051.0,1579244.0
36819,738.0,65.0,8930.0
2013,2201.0,7276.0,8791.0
9515,517.0,15250.0,36801.0
14139,147898.0,118303.0,125287.0
1024,204.0,15091.0,11334.0
9692,4724.0,4589.0,335.0
10546,11155.0,18658.0,13604.0
10008,55636.0,5606.0,19655.0
331190,51072.0,10839.0,13920.0
2074,16851.0,7399.0,4939.0
111969,6161.0,40462.0,3027.0
11298,14253.0,102429.0,62001.0
147,1650.0,14812.0,1653.0
8981,17276.0,1246.0,3294.0
12165,72129.0,6885.0,22462.0
10569,1243.0,3291.0,30364.0
16759,3896.0,1088195.0,97416.0
9451,368.0,4756.0,13023.0
793,4784.0,2778.0,1370.0
6404,2310.0,6553.0,6818.0
9270,24045.0,526.0,22122.0
9716,524.0,1204.0,819.0
10683,1233.0,856.0,15440.0
13785,43775.0,11514.0,8265.0
10217,65.0,7868.0,19958.0
13243,41091.0,56731.0,9281.0
10997,643.0,69637.0,109436.0
696,1243.0,5064.0,3092.0
7874,2231.0,12111.0,6886.0
10480,192.0,6383.0,19.0
10740,2227.0,15854.0,6413.0
883,112.0,884.0,1532.0
46829,4483.0,10882.0,13242.0
11171,24045.0,1951.0,1275.0
4550,64880.0,25004.0,20738.0
26320,46593.0,77795.0,11356.0
48650,3623.0,84778.0,27392.0
10687,72466.0,335.0,5365.0
15058,37917.0,18324.0,11665.0
11236,10978.0,28743.0,1350.0
1600,1350.0,17899.0,17903.0
1988,11701.0,76793.0,81681.0
25983,62001.0,119232.0,100552.0
13198,534.0,21200.0,17039.0
10900,15887.0,8984.0,67711.0
16235,4521.0,12514.0,15668.0
12702,6193.0,11794.0,27241.0
8832,20234.0,1872718.0,1033152.0
402423,8349.0,555136.0,1424827.0
2779,6885.0,1243.0,707.0
31442,13708.0,13709.0,90360.0
39037,34612.0,53368.0,6279.0
11602,2201.0,7569.0,69981.0
16448,11514.0,26510.0,212.0
2771,13242.0,27972.0,10825.0
29963,37260.0,25663.0,17064.0
248774,213001.0,21125.0,212.0
16131,37917.0,478.0,50346.0
12569,880.0,18973.0,41091.0
12473,82104.0,21125.0,28633.0
5172,62.0,18999.0,879.0
11561,1243.0,3092.0,30050.0
649,50.0,24422.0,793.0
10476,8171.0,40036.0,132078.0
17680,74251.0,82292.0,82282.0
31007,37917.0,12851.0,4691.0
404,5606.0,5048.0,5616.0
507,1146.0,7036.0,7037.0
13258,77996.0,93491.0,81260.0
7859,30614.0,53650.0,6067.0
63578,7399.0,4581.0,47632.0
10707,109513.0,44735.0,350.0
14585,6383.0,19208.0,43372.0
27586,37917.0,501.0,98522.0
11121,2630.0,10652.0,22109.0
44945,2296.0,76512.0,19492.0
12767,37917.0,290.0,6065.0
13492,49025.0,1370578.0,48409.0
24920,55654.0,29433.0,101335.0
2575,517.0,10980.0,118.0
145,1646.0,1640.0,1639.0
9466,6885.0,1920.0,6193.0
2255,880.0,1892.0,1893.0
13173,1920.0,10696.0,56731.0
10218,15277.0,69122.0,4937.0
11336,4690.0,4139.0,8349.0
16148,7399.0,8984.0,31070.0
42989,12446.0,117546.0,30706.0
13573,1979.0,30614.0,1896.0
10937,2506.0,6450.0,2295.0
24100,2506.0,20766.0,5529.0
15867,3092.0,5249.0,12518.0
1826,17521.0,17522.0,2405.0
13107,5151.0,8329.0,36422.0
2742,65.0,6355.0,351.0
9781,45379.0,820.0,15091.0
1845,3872.0,6163.0,1146.0
14242,84924.0,1502571.0,1502570.0
2295,880.0,5916.0,824.0
2171,9281.0,51329.0,22226.0
692,10369.0,10376.0,1832086.0
47760,76070.0,101015.0,209.0
8669,3223.0,52852.0,15250.0
19200,1243.0,6949.0,3036.0
10149,2178.0,15852.0,1037.0
13193,11510.0,16855.0,18248.0
9538,11086.0,2463.0,26662.0
1999,3141.0,5606.0,650.0
11660,28749.0,1835588.0,1835594.0
12834,819.0,4038.0,41292.0
659,7107.0,10262.0,10255.0
45658,23659.0,15556.0,4784.0
14048,81425.0,81438.0,81432.0
47218,51072.0,144009.0,50463.0
8675,42545.0,34518.0,544069.0
27004,74568.0,48.0,5170.0
9684,1243.0,139.0,2206.0
7090,21859.0,99.0,17413.0
487660,1707946.0,1925383.0,1925380.0
1730,3489.0,16940.0,3905.0
895,13708.0,86680.0,13709.0
11363,6941.0,4491.0,2956.0
1689,6384.0,2233.0,6591.0
20777,53.0,20387.0,2838.0
16367,11109.0,5294.0,33192.0
232175,5916.0,18269.0,15152.0
441,22970.0,504.0,7026.0
13171,9273.0,22226.0,56322.0
13668,9278.0,18082.0,3196.0
9786,6949.0,5657.0,388.0
11592,10826.0,3391.0,26457.0
209271,130640.0,10431.0,41091.0
145197,139150.0,76624.0,1473740.0
27236,5048.0,8255.0,97358.0
9824,3905.0,118.0,4174.0
12079,42545.0,5723.0,53.0
45054,18182.0,4391.0,400.0
2639,9278.0,3416.0,13242.0
8284,5049.0,3063.0,1532.0
50875,21657.0,467645.0,2517.0
2786,3829.0,1653.0,26959.0
308,3063.0,1532.0,4430.0
1599,4483.0,3489.0,13240.0
244268,12074.0,3141.0,49918.0
8944,37917.0,380.0,62.0
527,7248.0,7242.0,7243.0
14976,1813.0,60898.0,102429.0
4911,6856.0,10182.0,2039.0
20912,28782.0,57755.0,2408.0
9912,4173.0,60376.0,60372.0
1415,11510.0,2958.0,13922.0
9685,4038.0,4785.0,11864.0
13180,,,
18329,1337.0,69637.0,1622.0
1382,4975.0,16861.0,15376.0
5558,9920.0,2369.0,3594.0
11421,81822.0,71507.0,69369.0
1665,10692.0,526.0,18514.0
13820,5048.0,2880.0,3801.0
985,105624.0,14797.0,6718.0
1809,42545.0,10860.0,7517.0
36599,7633.0,8944.0,15961.0
9519,8783.0,3062.0,57795.0
20178,2157.0,78798.0,57675.0
39210,11705.0,1121.0,18050.0
14859,722.0,78197.0,49915.0
13551,9827.0,17051.0,16851.0
28089,57755.0,884.0,11107.0
10209,204.0,73845.0,9013.0
11191,1892.0,1204.0,49425.0
12521,1213786.0,12644.0,11769.0
18437,1920.0,3196.0,17346.0
14624,17140.0,6197.0,16896.0
9517,10692.0,6408.0,51214.0
4012,30614.0,1954.0,9207.0
9469,63.0,5292.0,5916.0
20770,14702.0,65561.0,20387.0
10029,15277.0,6941.0,12799.0
27361,136835.0,18765.0,40251.0
39312,550840.0,550841.0,550839.0
14851,1248.0,15498.0,55470.0
13168,1772.0,17697.0,43775.0
36040,14464.0,42841.0,212550.0
12509,6161.0,228.0,5576.0
86812,58528.0,222330.0,1039922.0
476,69122.0,2876.0,1736.0
219814,101472.0,30956.0,101549.0
803,11990.0,11992.0,11991.0
284284,130640.0,65731.0,222330.0
1716,16927.0,50.0,10262.0
24124,1206.0,18686.0,114809.0
19971,1038.0,8349.0,125650.0
549,4690.0,5293.0,64.0
12271,529.0,23459.0,13023.0
18035,18973.0,585.0,1275.0
26405,9221.0,12536.0,131507.0
11705,71083.0,16628.0,2220.0
42801,16757.0,5676.0,548186.0
13685,887.0,3085.0,36422.0
11446,2131.0,11867.0,33656.0
16456,1234.0,11160.0,820.0
5708,5644.0,20286.0,2206.0
12619,2712.0,132078.0,328.0
8883,1019.0,2244.0,71158.0
12994,10859.0,18050.0,6944.0
10856,2201.0,34629.0,1320306.0
1919,19961.0,3019.0,19958.0
5470,38559.0,18920.0,25702.0
5971,380.0,3416.0,4764.0
11305,884.0,2887.0,119232.0
18898,83816.0,1623641.0,86133.0
38568,17051.0,65717.0,8447.0
41662,5606.0,10409.0,166790.0
1444,9273.0,6368.0,17245.0
14022,564.0,94675.0,52613.0
11779,1000391.0,1326557.0,1326553.0
27526,32.0,52.0,5657.0
16941,2037.0,72466.0,31713.0
13998,2227.0,10431.0,8785.0
8052,2231.0,12052.0,4764.0
79120,586001.0,586000.0,1482847.0
8272,350.0,1233.0,35028.0
14295,103.0,350.0,4756.0
9782,2157.0,3051.0,21127.0
22171,39104.0,1301350.0,1301349.0
6396,1844.0,41088.0,49425.0
16550,1230.0,13242.0,25884.0
22152,7447.0,34847.0,38024.0
14275,134119.0,134120.0,122449.0
15723,1979.0,518.0,56857.0
4241,35642.0,35647.0,35644.0
25968,11207.0,11863.0,21711.0
10440,1243.0,3092.0,5657.0
59006,17832.0,5916.0,518.0
7343,8599.0,8605.0,52539.0
1554,2887.0,4818.0,6913.0
31582,380.0,1233.0,4445.0
12223,62001.0,9594.0,31140.0
9784,880.0,11150.0,53493.0
11564,521.0,7505.0,158489.0
469,6396.0,6400.0,4811.0
1776,19008.0,19007.0,1615234.0
40623,126599.0,77191.0,47820.0
13919,5469.0,515.0,530.0
44015,4937.0,228.0,15887.0
18165,63522.0,11006.0,100.0
20306,1979.0,1121.0,41820.0
11506,8742.0,11918.0,69656.0
18415,2838.0,83050.0,584563.0
9813,25837.0,36190.0,59450.0
23730,1230.0,13936.0,11512.0
30890,1243.0,3092.0,8447.0
41479,55085.0,3416.0,12640.0
25468,12900.0,1757529.0,109470.0
16727,53493.0,76793.0,20803.0
16005,53714.0,504.0,58356.0
13068,21007.0,84223.0,81681.0
9555,11181.0,76512.0,12211.0
37606,5472.0,516.0,826.0
22640,1979.0,2157.0,1162.0
58446,52852.0,1533.0,6164.0
15314,530.0,4785.0,7447.0
1483,36184.0,36183.0,1089698.0
20156,8536.0,13550.0,98.0
315,4594.0,4597.0,4595.0
25504,40185.0,20276.0,89582.0
12921,2201.0,8872.0,33923.0
8319,49265.0,7499.0,191855.0
26579,1920.0,17604.0,10692.0
13078,109513.0,77795.0,5723.0
25155,12646.0,3665.0,58804.0
44718,1532.0,3087.0,155.0
33676,500.0,17183.0,56881.0
43922,56446.0,53280.0,2047.0
1990,20480.0,56774.0,20481.0
15256,880.0,6886.0,22226.0
11404,10989.0,477.0,350.0
13369,9205.0,5723.0,133.0
14422,417.0,11107.0,14408.0
8414,17051.0,884.0,23459.0
34423,71189.0,61981.0,81364.0
22958,3293.0,22226.0,15370.0
20532,24551.0,1092509.0,1092506.0
13300,10839.0,147.0,980.0
40247,15556.0,2956.0,111683.0
12206,26600.0,79.0,28066.0
11309,32597.0,13604.0,28743.0
14758,18997.0,77795.0,1466.0
25571,5411.0,328.0,18702.0
60011,60900.0,11864.0,50463.0
40969,8944.0,8258.0,1376700.0
41966,783.0,12646.0,95638.0
4170,8945.0,1149132.0,260.0
32569,7167.0,14508.0,102441.0
19874,4581.0,5958.0,62910.0
2,4826.0,54770.0,54768.0
17538,4165.0,12518.0,15668.0
5257,4783.0,9657.0,42393.0
34583,112601.0,58147.0,112600.0
13819,3894.0,3967.0,3910.0
359053,67980.0,1559121.0,1468969.0
18143,74091.0,119077.0,
157380,8984.0,765.0,2957.0
14778,3895.0,15735.0,382.0
1550,3897.0,17486.0,1276.0
29080,5374.0,515.0,9281.0
49007,21657.0,5657.0,15887.0
10162,1282.0,58068.0,1609640.0
20537,48.0,3063.0,8537.0
11928,22461.0,16971.0,71375.0
19554,3266.0,59175.0,2453.0
51996,1903.0,8289.0,35029.0
9844,16478.0,6886.0,14406.0
54293,150374.0,139536.0,150365.0
29453,2201.0,6657.0,8742.0
26820,4724.0,33235.0,9137.0
18467,69899.0,20354.0,59231.0
15644,10297.0,2461.0,4937.0
13508,31.0,2461.0,8349.0
20424,85940.0,117723.0,96701.0
16980,3967.0,3130.0,11154.0
24923,1723.0,3339.0,15659.0
16764,32799.0,188311.0,22250.0
34223,1275.0,10661.0,16183.0
27588,98285.0,118362.0,98291.0
260947,328.0,47628.0,105641.0
313,530.0,10205.0,4566.0
16022,71070.0,515.0,501.0
33974,1812.0,258.0,17867.0
21143,97677.0,31942.0,74155.0
14112,5293.0,49.0,13642.0
14922,16478.0,4784.0,14406.0
8545,3895.0,3061.0,388.0
2895,879.0,3087.0,8436.0
22477,656.0,5251.0,12021.0
101325,27972.0,17265.0,1329.0
22419,17051.0,349.0,23459.0
18203,2283.0,19.0,65.0
4613,57755.0,4175.0,8930.0
159004,1220401.0,1220404.0,1220402.0
1944,1229.0,18050.0,326.0
10981,8791.0,13950.0,5892.0
11458,1158.0,4939.0,326.0
20416,3265.0,20959.0,8606.0
11490,54228.0,45152.0,51325.0
36939,12214.0,71070.0,69122.0
11413,18324.0,18979.0,2876.0
13141,73457.0,4756.0,19.0
8217,7447.0,3266.0,351.0
41659,2227.0,2232.0,11367.0
22556,37917.0,49.0,37632.0
11300,8447.0,11477.0,16119.0
13075,11160.0,1579.0,15376.0
24276,2955.0,15152.0,11064.0
5677,9994.0,29712.0,1213035.0
19601,3293.0,9642.0,2296.0
1559,17580.0,17578.0,17581.0
15008,1248.0,1329.0,9012.0
32037,16757.0,8349.0,194.0
12770,1117.0,11885.0,52119.0
19237,51995.0,343.0,34839.0
16129,540.0,35341.0,10362.0
31522,3829.0,14812.0,25957.0
48035,142931.0,578953.0,142929.0
29425,98420.0,54858.0,103828.0
12706,2296.0,25702.0,18022.0
25073,2155.0,328.0,46772.0
47559,2038.0,2606.0,1349977.0
14232,1370.0,4432.0,39012.0
63287,72129.0,56734.0,71913.0
32124,4730.0,108916.0,10697.0
362057,277081.0,966753.0,18271.0
2015,20738.0,20737.0,1617533.0
14389,7026.0,502.0,20510.0
31652,6856.0,1271.0,532.0
11240,11856.0,11852.0,261927.0
11855,6886.0,820.0,3127.0
26290,1812.0,6677.0,58016.0
14847,69122.0,192944.0,207300.0
14524,206919.0,202032.0,17476.0
23752,54812.0,707.0,6837.0
58699,1041543.0,228274.0,228276.0
51736,60116.0,1178307.0,1178309.0
56272,1231.0,17832.0,24045.0
25636,335.0,70851.0,2206.0
19762,4091.0,13640.0,151522.0
35221,1979.0,69122.0,64342.0
27995,5281.0,3978.0,99358.0
20530,95504.0,33135.0,131020.0
5817,45776.0,45777.0,45780.0
33563,59315.0,68842.0,51533.0
42171,26209.0,31028.0,41379.0
37234,1333.0,114019.0,2038.0
13428,9827.0,1810.0,29092.0
15647,65717.0,119368.0,88961.0
40374,190.0,42174.0,122004.0
26149,5064.0,11665.0,9780.0
17203,2440.0,2299.0,1115.0
84203,12640.0,21657.0,118545.0
47796,72476.0,4421.0,72473.0
17113,2222.0,11856.0,20089.0
5335,28641.0,7710.0,18227.0
14940,11664.0,1230.0,58225.0
14235,118200.0,1165415.0,1086249.0
23601,103.0,3489.0,4784.0
14286,19011.0,2662.0,84382.0
12838,84432.0,19776.0,73394.0
258,3510.0,1650.0,1653.0
28448,228.0,1039.0,19797.0
32868,18999.0,29221.0,36801.0
488888,1929078.0,1929079.0,1781117.0
13966,10730.0,41419.0,7056.0
28520,24045.0,21044.0,52442.0
26618,73421.0,4937.0,10000.0
10613,10431.0,11180.0,52374.0
32646,1231.0,14329.0,5151.0
17106,14408.0,4029.0,7166.0
241765,3085.0,21596.0,12261.0
7861,136532.0,52419.0,19511.0
9071,22970.0,884.0,18472.0
10688,569.0,12041.0,18324.0
31189,3623.0,1276.0,2957.0
31283,113.0,7502.0,21462.0
25834,10670.0,70961.0,26667.0
440528,1910327.0,1753722.0,1753780.0
22625,5472.0,8785.0,9825.0
53151,569.0,51072.0,5576.0
52633,1573182.0,100582.0,101966.0
326035,19303.0,19302.0,1211794.0
48249,4038.0,4800.0,27888.0
46625,1646.0,1533.0,8984.0
10190,49.0,6383.0,3051.0
20689,3810.0,56654.0,36632.0
3,1086499.0,4826.0,5999.0
22820,6807.0,11665.0,38334.0
45609,1283.0,5658.0,44079.0
15482,1461.0,41230.0,128267.0
84116,10431.0,3036.0,3234.0
12525,9780.0,1370.0,9925.0
17949,5723.0,4004.0,21359.0
44772,3416.0,4175.0,504.0
32579,59174.0,23877.0,36628.0
10132,7447.0,11885.0,10866.0
17263,58058.0,13022.0,9777.0
51409,4273.0,20982.0,75540.0
59435,56731.0,18999.0,54479.0
57829,585.0,44079.0,13919.0
29193,856.0,67773.0,7427.0
18292,15684.0,79419.0,1175792.0
33506,2882.0,2053.0,7623.0
36800,1646.0,1640.0,3196.0
19884,70131.0,7450.0,227622.0
18250,5.0,1905.0,10461.0
37997,13936.0,6403.0,4811.0
13653,69310.0,1816298.0,1074924.0
18631,9625.0,6952.0,147.0
18394,48.0,207.0,10748.0
7974,2306.0,1828604.0,5999.0
33344,38581.0,33260.0,35341.0
14694,12834.0,2505.0,82820.0
65058,28637.0,81200.0,556038.0
17589,17276.0,5309.0,9188.0
4202,16927.0,10255.0,24763.0
341870,101923.0,1000873.0,1470867.0
12407,51072.0,1329.0,23458.0
45013,10882.0,8691.0,3627.0
1629,1653.0,18227.0,18228.0
16857,46593.0,1038.0,20089.0
43727,83002.0,9205.0,9046.0
55785,480.0,3064.0,119095.0
42691,15385.0,23367.0,12520.0
19311,118.0,77335.0,33192.0
35031,3594.0,5964.0,3784.0
1563,28626.0,18765.0,222260.0
45153,2231.0,42694.0,59017.0
31651,48.0,5049.0,2039.0
18856,6941.0,22123.0,677.0
14788,567604.0,567602.0,567603.0
47088,8945.0,4764.0,3897.0
26475,10431.0,8945.0,12052.0
14349,6885.0,57755.0,2778.0
41801,3063.0,6574.0,3713.0
14776,48.0,20766.0,10713.0
19083,12835.0,51944.0,84062.0
14057,1231.0,12640.0,8170.0
360799,1512803.0,75175.0,1370614.0
24663,1229.0,51072.0,12111.0
300542,77795.0,582722.0,32798.0
5259,42442.0,16604.0,42446.0
16725,27578.0,76110.0,2320.0
63197,236599.0,236598.0,236597.0
42561,12763.0,49961.0,53755.0
16299,113.0,13936.0,74036.0
25461,59251.0,53936.0,93821.0
14904,1331.0,934.0,131776.0
16071,37917.0,59216.0,6905.0
13058,26071.0,41042.0,1193572.0
30023,43775.0,5090.0,21731.0
11161,3141.0,3036.0,4941.0
41044,6279.0,50346.0,21485.0
17770,6885.0,8447.0,9626.0
30913,236269.0,236272.0,90204.0
36561,1019.0,16927.0,2040.0
7298,1844.0,61981.0,2141.0
15395,1233.0,8534.0,537.0
44125,130302.0,105738.0,130303.0
36349,2176.0,2713.0,11151.0
39844,12716.0,1200919.0,368521.0
11554,21911.0,1622.0,150609.0
31048,10697.0,13726.0,11512.0
32458,4783.0,108.0,59839.0
29794,113.0,29541.0,34535.0
36141,1951.0,10409.0,10671.0
30315,1748.0,1552841.0,1289815.0
38171,4111.0,47439.0,14528.0
19587,44735.0,60898.0,50095.0
11798,1115.0,85065.0,225610.0
54602,16841.0,45827.0,60460.0
24746,104000.0,104010.0,104006.0
1282,2228.0,9290.0,16832.0
13891,11164.0,4784.0,16475.0
17238,2192.0,6197.0,34596.0
46119,2954.0,6913.0,11086.0
16548,3489.0,54812.0,1236.0
14921,59620.0,11356.0,480.0
18602,2206.0,311811.0,47703.0
14267,10369.0,10376.0,76517.0
39141,51072.0,10205.0,12122.0
4927,40066.0,40060.0,40070.0
76996,8329.0,1518.0,38784.0
7872,53240.0,53245.0,53244.0
16204,10205.0,7517.0,41292.0
19583,16828.0,37917.0,55636.0
28028,17051.0,2963.0,4154.0
14883,5916.0,65524.0,65561.0
20107,3905.0,78030.0,7906.0
27023,884.0,68842.0,7404.0
28110,5048.0,3037.0,9599.0
15006,4724.0,4726.0,148096.0
24525,1979.0,32.0,10690.0
38809,3223.0,109.0,7399.0
16358,10696.0,11164.0,11664.0
25403,3130.0,69488.0,35104.0
14578,20189.0,7447.0,52647.0
40850,10989.0,34715.0,124828.0
14662,3141.0,1903.0,8211.0
84281,15091.0,984629.0,10401.0
19157,1954.0,19292.0,879.0
15366,71070.0,55636.0,2178.0
37291,36190.0,42993.0,19208.0
5894,1037.0,4429.0,65827.0
27591,31364.0,10657.0,12690.0
32998,2076.0,26142.0,97880.0
19375,84615.0,84616.0,15855.0
17600,19958.0,4654.0,6212.0
15361,17265.0,20904.0,57748.0
29512,53.0,973.0,25834.0
20815,3087.0,4513.0,6450.0
17320,10205.0,12640.0,53863.0
27786,16743.0,723.0,1155106.0
14930,518.0,17402.0,8534.0
9063,42.0,1821.0,13465.0
25473,10671.0,70286.0,13298.0
12586,72985.0,16859.0,50466.0
61689,15196.0,14731.0,113549.0
42113,72605.0,142457.0,142459.0
11388,1920.0,54812.0,1328.0
65056,8335.0,5577.0,51856.0
14195,335.0,1579.0,10822.0
14757,1413842.0,77275.0,77274.0
2860,28255.0,24299.0,28610.0
38753,19537.0,1532.0,7026.0
28059,18324.0,1771.0,18070.0
31544,19958.0,51576.0,2536.0
14929,28416.0,954160.0,1131582.0
12664,2039.0,17782.0,74018.0
15186,287.0,1204.0,7467.0
45020,3085.0,6473.0,21711.0
13337,4800.0,7489.0,26100.0
17734,10297.0,1241.0,20387.0
13856,4688.0,15760.0,69399.0
27845,2231.0,884.0,534.0
13066,18050.0,5149.0,7404.0
13692,2299.0,17346.0,2038.0
21173,59206.0,87220.0,1394359.0
13132,11664.0,62862.0,1276.0
16511,3905.0,5344.0,827.0
26890,3127.0,10822.0,15440.0
13468,17140.0,39388.0,20186.0
5721,15949.0,4590.0,45101.0
32233,25246.0,20652.0,1612555.0
455847,777.0,2230.0,75343.0
21512,585.0,7132.0,18792.0
753,4800.0,5950.0,3142.0
14118,16855.0,207.0,15286.0
31016,69122.0,5916.0,2283.0
14256,23659.0,11664.0,228.0
23570,12052.0,10767.0,3051.0
25248,55152.0,132712.0,13950.0
18632,26069.0,5892.0,26088.0
39800,8785.0,19.0,44079.0
15102,2983.0,937.0,5294.0
24066,18324.0,3905.0,2372.0
14735,147.0,18514.0,52575.0
49901,144343.0,144344.0,144353.0
19900,43775.0,19728.0,206757.0
46665,52018.0,144852.0,21318.0
16388,12833.0,27739.0,86310.0
28774,4690.0,43773.0,36926.0
39464,142471.0,552176.0,1484027.0
15104,21462.0,77089.0,49818.0
139715,152302.0,178051.0,65225.0
26302,96212.0,240837.0,1779773.0
30309,59174.0,28779.0,41798.0
2151,825.0,11357.0,11769.0
12183,23659.0,887.0,8170.0
4107,11276.0,32357.0,34715.0
18168,11661.0,1518.0,1523892.0
17926,4.0,65561.0,27855.0
21356,11514.0,34521.0,13604.0
15389,4944.0,78190.0,78189.0
16020,19498.0,109.0,417.0
65364,61556.0,58312.0,87295.0
1811,69122.0,9205.0,18979.0
31923,1920.0,17832.0,8447.0
31880,26457.0,58168.0,20190.0
21128,879.0,2053.0,79740.0
398455,19490.0,1737.0,54856.0
25128,10696.0,15277.0,11315.0
45145,2231.0,287.0,2229.0
77117,1293080.0,1295459.0,1255409.0
14167,9273.0,37014.0,41555.0
18206,7351.0,3492.0,39481.0
40156,207.0,18023.0,36219.0
8325,10297.0,3967.0,64.0
56811,225136.0,,
23967,15555.0,21731.0,42374.0
2593,14812.0,18765.0,26371.0
17003,33241.0,459980.0,1005804.0
20382,58225.0,20750.0,1219226.0
22230,3141.0,11318.0,7132.0
2442,16431.0,10727.0,99.0
6016,5469.0,10698.0,15254.0
54523,22383.0,10476.0,100425.0
18221,500.0,956826.0,956819.0
15209,2022.0,41292.0,78002.0
38996,3142.0,12715.0,11140.0
10324,1245.0,7399.0,520.0
26682,3136.0,6573.0,15234.0
42589,380.0,1466.0,101377.0
16664,84028.0,96473.0,9707.0
402462,62715.0,1001157.0,104189.0
20794,1283.0,4724.0,4784.0
13414,40462.0,43775.0,454.0
19249,10595.0,84364.0,70417.0
365083,1083260.0,1153694.0,1515494.0
70588,139150.0,222141.0,558930.0
275696,20354.0,8210.0,85924.0
14293,4690.0,9046.0,19975.0
52654,1639.0,1241.0,11855.0
49261,980.0,39126.0,78808.0
419298,1689407.0,1149886.0,1689408.0
333091,59882.0,141687.0,1151637.0
35252,,,
9916,7071.0,60462.0,60458.0
14415,8198.0,115189.0,7280.0
57834,2176.0,4431.0,5577.0
7392,41699.0,52611.0,40430.0
437041,206624.0,1371114.0,1515510.0
50759,108018.0,33135.0,142405.0
47886,39782.0,100566.0,100816.0
419397,1048574.0,1475077.0,1467169.0
48373,1036.0,28778.0,69415.0
29406,11705.0,51797.0,4589.0
403637,,,
34152,1981.0,5281.0,78589.0
19326,2283.0,13445.0,16119.0
15654,14406.0,15286.0,47296.0
48336,3896.0,4566.0,5313.0
14882,501.0,32.0,52.0
56518,224448.0,4420.0,224449.0
18654,25541.0,47953.0,8211.0
42848,11150.0,5293.0,1037.0
42984,83202.0,142487.0,1129045.0
29596,113.0,5658.0,5.0
29501,532.0,13920.0,20376.0
50008,6949.0,6355.0,20277.0
27323,10671.0,4942.0,9629.0
21828,2227.0,3489.0,9030.0
18513,35320.0,59804.0,88922.0
14569,2222.0,2165.0,1210.0
25183,19274.0,543505.0,39995.0
246011,4038.0,10727.0,12110.0
23333,10431.0,15277.0,69122.0
8747,3051.0,55902.0,55900.0
46584,35341.0,4570.0,10132.0
18734,1248.0,17142.0,17194.0
15075,11150.0,11665.0,21798.0
16867,6949.0,55089.0,7431.0
22105,3141.0,35705.0,14886.0
13065,29221.0,4756.0,59450.0
14111,84727.0,1041529.0,1041527.0
18548,1115.0,20766.0,107405.0
15662,21657.0,6408.0,1033252.0
21373,5916.0,53368.0,10580.0
17381,2227.0,94786.0,76191.0
35626,6542.0,21402.0,74674.0
21430,4690.0,5293.0,18514.0
26223,883.0,63312.0,7498.0
37230,3926.0,82495.0,10596.0
28797,2230.0,102019.0,247889.0
44750,108916.0,6807.0,34847.0
28871,39459.0,11356.0,13333.0
49806,2283.0,15250.0,23626.0
28280,16644.0,30609.0,1918707.0
57022,36190.0,9780.0,46772.0
330916,512749.0,1084954.0,1440577.0
15105,8265.0,40481.0,10402.0
45695,400.0,14837.0,12021.0
17021,109869.0,7489.0,9284.0
15271,5530.0,3968.0,707.0
20438,10825.0,1514699.0,33659.0
47620,5723.0,139211.0,139213.0
43938,58356.0,12833.0,213044.0
56928,65827.0,6197.0,2109.0
14530,61981.0,11885.0,17402.0
17198,140.0,28639.0,11076.0
14390,884.0,5724.0,40481.0
29371,46814.0,74615.0,10693.0
9719,9273.0,6886.0,56595.0
10368,10978.0,5309.0,38225.0
43065,11770.0,4600.0,102429.0
55306,10860.0,8949.0,43772.0
26353,53862.0,58058.0,88677.0
27292,5606.0,193.0,18391.0
24065,69597.0,1275.0,3126.0
48688,7710.0,1653.0,18227.0
46989,11064.0,3713.0,8985.0
64655,91606.0,59118.0,239494.0
13169,9281.0,22226.0,15009.0
20348,1269.0,15274.0,21104.0
43817,4.0,17348.0,196902.0
13484,62862.0,86624.0,80750.0
18164,17604.0,18750.0,82754.0
2012,50558.0,50555.0,50557.0
4296,10823.0,7868.0,19976.0
15493,122402.0,122391.0,66213.0
25852,5723.0,40481.0,658.0
12616,3223.0,10814.0,21702.0
18484,1360005.0,1761611.0,1761605.0
1424,14405.0,17039.0,8177.0
14892,15277.0,48.0,589.0
19415,589.0,8212.0,74542.0
5521,10859.0,15152.0,5694.0
15285,2165.0,228330.0,17421.0
33586,50463.0,27107.0,60633.0
9261,33241.0,1614.0,57057.0
36115,54228.0,94958.0,91520.0
24080,63.0,9205.0,13021.0
39845,11150.0,17419.0,15735.0
41469,15250.0,1233.0,32224.0
58421,8984.0,5313.0,10132.0
29151,17697.0,21200.0,74541.0
30352,14329.0,38560.0,2049.0
17775,6575.0,74278.0,43903.0
19126,518.0,2178.0,11477.0
14269,10369.0,76519.0,10373.0
24567,7431.0,39389.0,7132.0
24348,,,
16375,1884.0,1898.0,12831.0
28638,10134.0,130662.0,63706.0
22747,15110.0,4001.0,27111.0
41282,10431.0,69597.0,8655.0
48847,5602.0,123516.0,
37209,2319.0,6588.0,75812.0
10844,1372.0,11336.0,33310.0
58797,3337.0,53177.0,27993.0
42112,223260.0,223257.0,223259.0
21954,97906.0,104458.0,1774631.0
38295,32.0,8891.0,2228.0
29756,14573.0,12298.0,9072.0
15676,518.0,13446.0,4566.0
36614,934.0,12536.0,15337.0
390,5274.0,5266.0,5278.0
18586,109513.0,569.0,350.0
26893,106165.0,34377.0,7450.0
14820,3968.0,27755.0,75355.0
22323,6952.0,4443.0,38160.0
21950,2176.0,62036.0,31024.0
28652,100295.0,549442.0,1039352.0
21925,,,
36843,11207.0,9191.0,388.0
31465,13240.0,2053.0,59750.0
18555,11701.0,14702.0,56857.0
18117,4783.0,11390.0,29092.0
13222,74294.0,,
16240,59216.0,6804.0,6437.0
30331,11149.0,29369.0,22082.0
153854,109829.0,1140128.0,1140129.0
14298,71083.0,70517.0,992.0
44046,12041.0,27008.0,41687.0
43937,12834.0,23931.0,6614.0
59940,56128.0,9045.0,119759.0
15182,9827.0,6804.0,449.0
24874,28779.0,30882.0,92774.0
1595,4521.0,1812.0,17857.0
28784,9221.0,15693.0,8226.0
33339,84223.0,80375.0,1024399.0
38940,16644.0,14592.0,4493.0
31581,380.0,3798.0,7632.0
23531,18354.0,2956.0,1213315.0
13120,59233.0,1061385.0,66160.0
12793,52647.0,6614.0,54453.0
44925,477.0,57449.0,20810.0
18762,3061.0,1922.0,14464.0
18175,21798.0,35769.0,78837.0
17906,63.0,21657.0,3490.0
13433,3051.0,102603.0,79692.0
8886,63.0,2778.0,6271.0
18069,8986.0,9045.0,57251.0
15477,9137.0,2234.0,6575.0
17025,54479.0,79079.0,88961.0
13561,1212192.0,209513.0,1316523.0
11115,1466.0,16475.0,7906.0
38007,65717.0,1206.0,4432.0
22029,9811.0,99880.0,3014.0
38143,643.0,125572.0,143029.0
388988,1593954.0,1567893.0,1593953.0
15558,8602.0,18269.0,349.0
17035,1229.0,12836.0,532.0
394822,1244.0,11317.0,15336.0
37721,16935.0,127282.0,41785.0
22033,1905.0,1821.0,95131.0
16605,37260.0,65731.0,79126.0
292044,2048.0,42206.0,1796.0
27886,10461.0,1050370.0,1050371.0
27735,4756.0,5411.0,39390.0
66942,133212.0,221032.0,61350.0
33138,1378299.0,7420.0,1780067.0
14963,5723.0,10825.0,328.0
21055,6886.0,14406.0,6163.0
31939,5472.0,4757.0,2130.0
13574,4784.0,4764.0,133.0
23720,45407.0,26852.0,90492.0
39867,150652.0,150651.0,150653.0
13071,2039.0,11665.0,4728.0
8008,27578.0,38941.0,6091.0
30862,1951.0,2778.0,9880.0
17175,1920.0,15757.0,8210.0
38138,56152.0,5915.0,49815.0
16771,23931.0,4944.0,78190.0
48862,3141.0,16927.0,4800.0
26899,46593.0,28633.0,4729.0
32622,3711.0,1590957.0,196180.0
50247,20829.0,95504.0,33135.0
55177,6677.0,58511.0,5481.0
22509,4483.0,205.0,13920.0
27723,9273.0,13638.0,33676.0
49815,1905.0,3380.0,2453.0
16433,18979.0,335.0,9656.0
15555,78380.0,78381.0,78382.0
4998,40525.0,40524.0,1160724.0
14868,9827.0,8436.0,77721.0
49811,8436.0,20766.0,58016.0
46788,1378775.0,150957.0,79504.0
36234,3136.0,1640.0,6413.0
21014,589.0,52018.0,12799.0
53150,14060.0,14064.0,20128.0
58462,18277.0,4724.0,3141.0
26626,880.0,1892.0,10297.0
1812,19149.0,19225.0,19227.0
15761,82732.0,35756.0,85668.0
40952,3785.0,9221.0,2641.0
15661,504.0,18354.0,13023.0
18435,1533.0,11356.0,104795.0
144855,1121537.0,32989.0,1121543.0
60994,11150.0,6108.0,9029.0
14196,72129.0,1223171.0,5025.0
20171,5723.0,57409.0,589156.0
32141,4935.0,57147.0,75398.0
25781,192.0,5411.0,187565.0
24159,1899149.0,438968.0,429969.0
17435,28779.0,146798.0,162235.0
23987,555551.0,116018.0,555553.0
30680,29221.0,59671.0,12549.0
15098,24045.0,11664.0,1896.0
20224,55085.0,60073.0,57674.0
34746,4960.0,19976.0,57399.0
42725,6905.0,6587.0,8949.0
836,12396.0,12399.0,12398.0
50183,1092916.0,147268.0,8475.0
8929,933495.0,933493.0,933492.0
12901,55152.0,74054.0,74055.0
67087,45379.0,17580.0,7868.0
383,5218.0,5222.0,5219.0
15728,5274.0,78665.0,78666.0
14818,64358.0,229426.0,592535.0
20684,22169.0,5473.0,67210.0
448988,974.0,219083.0,112429.0
238726,45379.0,1295.0,114457.0
34941,6384.0,20189.0,4174.0
5896,46423.0,12950.0,37995.0
23532,5661.0,84754.0,73836.0
18590,60898.0,17265.0,19492.0
12839,15824.0,54593.0,87436.0
27408,5139.0,97720.0,57756.0
28268,213519.0,145253.0,1449320.0
31130,1186886.0,98676.0,1186887.0
35650,8791.0,139862.0,943234.0
46691,4038.0,1039.0,1182967.0
42918,33054.0,142201.0,115251.0
29570,47151.0,47154.0,103071.0
22455,141377.0,118362.0,1869113.0
8692,11163.0,55672.0,100816.0
28170,99938.0,1861053.0,181949.0
71503,563092.0,16559.0,219634.0
45126,16269.0,589491.0,1104307.0
15418,1951.0,978.0,19265.0
41796,13550.0,7868.0,58805.0
37665,19211.0,10223.0,116474.0
21371,60508.0,1102576.0,1102574.0
44012,130034.0,3508.0,130032.0
20322,9779.0,4996.0,17773.0
33665,4800.0,856.0,13568.0
19214,3416.0,1640.0,14324.0
43219,4589.0,10680.0,24362.0
80346,12073.0,7399.0,21125.0
60269,2778.0,27752.0,12536.0
38545,36190.0,31512.0,56383.0
21791,55085.0,3201.0,1064.0
23385,543261.0,15336.0,39970.0
62761,27752.0,1222793.0,42841.0
45830,51936.0,36173.0,65231.0
30157,42993.0,17882.0,11486.0
43942,5296.0,226785.0,226772.0
19238,17271.0,41421.0,54830.0
444689,33052.0,156785.0,1768723.0
39424,9642.0,7906.0,4154.0
28339,44995.0,99067.0,100480.0
35946,53862.0,7431.0,825.0
17216,37014.0,21088.0,34489.0
20513,86260.0,1224173.0,86259.0
35395,114254.0,98103.0,15736.0
41970,3063.0,31431.0,8547.0
21074,93290.0,93293.0,87297.0
26271,46423.0,2109.0,80292.0
17731,110927.0,37043.0,102.0
17179,59216.0,21343.0,35.0
40983,8434.0,7504.0,16523.0
51442,522.0,663.0,41240.0
52105,2314.0,856.0,11147.0
13791,11181.0,32.0,15440.0
52878,2714.0,53516.0,155977.0
20860,5365.0,37043.0,103593.0
29420,1285407.0,103804.0,103802.0
27271,2048.0,98102.0,5950.0
5622,12517.0,67026.0,8926.0
44282,1279654.0,144212.0,1194577.0
41144,60905.0,133669.0,84841.0
32332,3223.0,24967.0,534.0
28073,113.0,3796.0,5685.0
61752,138.0,1241.0,15370.0
18595,37058.0,83278.0,49486.0
59437,3968.0,21088.0,49.0
22216,88506.0,112726.0,88507.0
27709,20904.0,68812.0,14833.0
27215,97294.0,97295.0,97293.0
25354,5374.0,1771.0,21711.0
35632,7502.0,114457.0,36890.0
26907,17697.0,14409.0,21197.0
11900,1578739.0,1578740.0,1578745.0
50236,21708.0,14731.0,39432.0
39477,62064.0,6944.0,16861.0
27104,57345.0,78711.0,96980.0
40856,76070.0,27740.0,11066.0
27084,40430.0,98102.0,10541.0
39916,39151.0,45473.0,35826.0
49332,7077.0,563092.0,11829.0
39269,2778.0,14062.0,7685.0
9698,4429.0,2778.0,10661.0
5421,33807.0,43192.0,26155.0
24152,113.0,4786.0,8930.0
15936,518.0,21007.0,15033.0
33294,4460.0,6125.0,1183.0
47902,4886.0,49918.0,58356.0
41587,8944.0,11885.0,13333.0
8074,14813.0,18228.0,37775.0
40562,103.0,69122.0,1893.0
14848,1771.0,164945.0,8211.0
35689,1951.0,65827.0,19159.0
23726,5374.0,21200.0,20750.0
17874,7505.0,45480.0,3095.0
62543,1498472.0,227477.0,235513.0
47957,504953.0,336235.0,311398.0
27440,32747.0,105786.0,80415.0
27417,119232.0,101545.0,101544.0
33468,110729.0,30998.0,110736.0
18379,1170392.0,955902.0,1157009.0
30666,12646.0,41229.0,86923.0
109667,245.0,10224.0,174657.0
47676,3129.0,2233.0,3128.0
8690,55654.0,33820.0,3754.0
21372,42160.0,17271.0,11703.0
14407,11317.0,18325.0,11086.0
86643,9139.0,1196810.0,107002.0
56401,18999.0,66580.0,15887.0
2089,27763.0,13022.0,9045.0
39286,2283.0,19923.0,7026.0
17539,52601.0,101377.0,65475.0
19676,25934.0,31383.0,85075.0
57016,89140.0,89300.0,1070707.0
24202,2283.0,91351.0,1276.0
16151,79692.0,79695.0,79700.0
28955,70510.0,115068.0,84233.0
47645,968570.0,96579.0,1075847.0
176085,40863.0,204904.0,1158419.0
13834,2372.0,2713.0,2047.0
32148,114457.0,108155.0,236336.0
13993,10696.0,71552.0,2207.0
42218,13637.0,40186.0,74573.0
19575,39388.0,38581.0,11111.0
24450,19.0,6944.0,55536.0
24239,2283.0,3094.0,2233.0
16053,17265.0,68122.0,6573.0
18620,32030.0,1804392.0,1804391.0
35126,17444.0,41273.0,56145.0
16890,9825.0,59882.0,21197.0
14516,41421.0,85825.0,43774.0
25573,55779.0,29934.0,94854.0
52999,7693.0,6012.0,19888.0
46918,33135.0,7451.0,96804.0
24356,955.0,1230.0,1229.0
47907,4726.0,883.0,9560.0
44952,132078.0,59252.0,6573.0
39403,61981.0,2224.0,6575.0
41577,67091.0,68704.0,126453.0
60458,32600.0,18706.0,41232.0
38849,14277.0,6701.0,56891.0
25675,19589.0,72202.0,82540.0
34595,57424.0,75170.0,112668.0
27090,132975.0,132974.0,74962.0
24349,4800.0,5950.0,11147.0
59058,18023.0,3064.0,68283.0
27010,83187.0,18891.0,1953.0
22621,882.0,7632.0,4887.0
24798,1230.0,12967.0,34535.0
2574,14812.0,5964.0,26163.0
42103,3223.0,2165.0,8654.0
42430,553568.0,71080.0,1286615.0
46021,5309.0,5470.0,5657.0
47018,378.0,7056.0,18325.0
31703,16554.0,12950.0,39709.0
56583,10182.0,2047.0,2876.0
1803,59369.0,4942.0,16201.0
39342,590.0,57598.0,1122019.0
24050,11664.0,2053.0,10825.0
69014,2144.0,856.0,27163.0
41791,5292.0,17764.0,86055.0
26823,96366.0,96365.0,96367.0
210234,238157.0,1496126.0,1139670.0
48833,53650.0,11703.0,239110.0
19501,74036.0,57675.0,7796.0
17605,35004.0,150901.0,145871.0
83866,1321469.0,45210.0,75396.0
38722,16866.0,587.0,33181.0
19719,41088.0,1817.0,20750.0
26889,11064.0,1910.0,3977.0
20308,3063.0,20354.0,16327.0
20471,23459.0,133.0,8211.0
18273,49.0,6283.0,12261.0
176079,20089.0,56680.0,2838.0
50198,2395.0,18313.0,13241.0
35857,18284.0,17345.0,15899.0
23165,10843.0,2714.0,62001.0
38775,2778.0,77485.0,121365.0
25641,1230.0,22290.0,13.0
67198,5576.0,10823.0,5958.0
13777,1284.0,40938.0,75121.0
4578,38160.0,234296.0,29915.0
29415,103781.0,11528.0,11544.0
22521,109353.0,,
63175,1216879.0,161455.0,1265385.0
52855,10182.0,9778.0,13918.0
48864,290.0,139.0,7868.0
50030,12266.0,103781.0,25155.0
65214,189683.0,20498.0,544139.0
20637,55636.0,3905.0,9206.0
20021,15007.0,227.0,258.0
32636,1231.0,12900.0,57351.0
40818,41091.0,13242.0,8289.0
35694,5916.0,139.0,10823.0
14634,27578.0,7431.0,9560.0
2324,1466.0,11477.0,12647.0
32451,1137250.0,1089413.0,1137249.0
29269,1151751.0,13250.0,143037.0
49637,89882.0,,
24858,2310.0,121732.0,6548.0
47802,31512.0,42993.0,26469.0
19675,62000.0,89980.0,552463.0
51520,131246.0,,
25355,1338.0,552373.0,552371.0
77616,237043.0,228592.0,244866.0
16137,24485.0,79553.0,72949.0
12855,10690.0,33654.0,81074.0
55145,10698.0,9979.0,57380.0
29584,29092.0,26467.0,6720.0
52702,69570.0,12692.0,11140.0
40570,95125.0,1078843.0,186043.0
14201,116488.0,11626.0,545848.0
30367,22290.0,35705.0,34489.0
41828,79149.0,1212249.0,199303.0
166680,5694.0,12021.0,73194.0
26235,132757.0,132761.0,132749.0
26481,1365100.0,1365099.0,1365104.0
41714,3129.0,7242.0,1733.0
48207,3463.0,25638.0,127156.0
19094,2222.0,7673.0,5151.0
102283,12021.0,71010.0,245.0
37616,3910.0,4520.0,22461.0
31397,27005.0,1295.0,106480.0
21246,31171.0,20814.0,85156.0
33215,4029.0,15370.0,14892.0
27322,18291.0,77896.0,21353.0
38629,55636.0,113.0,2177.0
32166,8447.0,6575.0,20402.0
19187,20750.0,6163.0,43120.0
20263,15370.0,8986.0,1236.0
47870,72305.0,26854.0,63608.0
45174,31713.0,25933.0,5471.0
186612,8349.0,20211.0,11086.0
14204,151380.0,65640.0,76424.0
54662,37204.0,184581.0,183073.0
44796,52300.0,100647.0,29446.0
19629,60898.0,51754.0,56485.0
34299,6613.0,3391.0,21474.0
37550,3753.0,14821.0,33929.0
26665,17286.0,1640.0,44079.0
3542,23224.0,1459592.0,7281.0
19174,153535.0,108867.0,107074.0
17736,2888.0,24967.0,1328.0
54476,929211.0,1626377.0,107198.0
39542,55636.0,6352.0,68812.0
58628,2176.0,3087.0,9594.0
8199,11150.0,15824.0,15033.0
18381,142689.0,227608.0,227599.0
16427,1910.0,120875.0,53303.0
26946,12355.0,102746.0,1581701.0
43267,5694.0,1004.0,57829.0
53426,4960.0,237034.0,15961.0
23506,1500794.0,99942.0,1500796.0
55058,11701.0,21282.0,46946.0
35004,13920.0,16501.0,20767.0
18919,1320282.0,47851.0,1320286.0
40102,129665.0,103455.0,166141.0
28650,98102.0,100295.0,45279.0
29424,1205935.0,1205934.0,1206157.0
26509,12689.0,47754.0,56819.0
45708,15661.0,80109.0,45863.0
25451,17039.0,15033.0,39213.0
33833,139150.0,209.0,52419.0
21056,57448.0,7071.0,72028.0
44990,8263.0,52442.0,21042.0
186351,1271608.0,85535.0,31299.0
13241,145601.0,1879800.0,117051.0
116445,74352.0,1063487.0,247889.0
29850,100552.0,98420.0,104531.0
34898,11064.0,53650.0,22290.0
59928,534.0,26457.0,4443.0
51992,25635.0,1220097.0,30672.0
15292,4325.0,108331.0,108327.0
41768,11064.0,9780.0,1981.0
52036,17051.0,56890.0,9206.0
48385,23586.0,2784.0,112722.0
107319,1041557.0,107321.0,1559622.0
27359,6588.0,1489597.0,1489596.0
41574,1583293.0,1583288.0,1583291.0
61536,15531.0,21127.0,6837.0
3581,113.0,9221.0,33104.0
347538,1086827.0,990513.0,1516762.0
107327,56890.0,8606.0,81024.0
20065,10825.0,1117.0,17178.0
30694,14541.0,92255.0,8659.0
16659,4783.0,351.0,77561.0
52462,146030.0,554633.0,956483.0
49511,1158.0,725.0,39730.0
84801,1090855.0,1090858.0,1090859.0
52936,884.0,2283.0,6807.0
41757,1327.0,585143.0,25386.0
40694,1331.0,49971.0,4001.0
41820,1283.0,529.0,
21323,36938.0,36351.0,1196805.0
39197,349.0,504.0,77133.0
24826,41737.0,1208.0,92681.0
24470,4937.0,879.0,2233.0
24041,38560.0,21490.0,92188.0
13563,56251.0,56253.0,93030.0
52605,146267.0,146268.0,146274.0
46825,56402.0,41313.0,1316511.0
18866,49425.0,1234.0,15829.0
28704,4756.0,21278.0,12519.0
30654,19754.0,27516.0,101170.0
44680,70787.0,85168.0,131339.0
17439,22226.0,16307.0,12260.0
29134,765.0,61178.0,188929.0
24574,11064.0,134673.0,84584.0
46624,5602.0,5048.0,108055.0
23610,10182.0,3197.0,43265.0
28054,99487.0,1237.0,11890.0
27593,4690.0,20189.0,16307.0
47237,1844.0,10697.0,17346.0
26571,22461.0,5578.0,102.0
18408,17346.0,31549.0,1462.0
27091,96921.0,65769.0,96923.0
12818,52365.0,63110.0,1181311.0
89351,3140.0,12123.0,188453.0
42532,52374.0,7502.0,66223.0
42457,4173.0,656.0,12689.0
58937,3063.0,3796.0,1315211.0
13439,75170.0,129268.0,108246.0
47724,5470.0,937.0,2228.0
18031,5064.0,18917.0,221809.0
28351,97698.0,80116.0,32544.0
57597,36218.0,77150.0,73022.0
259124,33488.0,156689.0,33500.0
29695,1466.0,81685.0,4520.0
20665,131723.0,59671.0,85144.0
47412,113927.0,42174.0,138889.0
174383,16483.0,98374.0,1055617.0
41730,6886.0,1893.0,11661.0
19965,65561.0,5149.0,14541.0
30265,16940.0,643.0,15440.0
43699,3968.0,974.0,18616.0
19235,12407.0,170432.0,1012982.0
40060,3150.0,7631.0,7520.0
128207,237678.0,1313745.0,1923788.0
27831,8516.0,1518934.0,82783.0
53049,1085247.0,1085240.0,1085241.0
48918,55636.0,7906.0,38560.0
28320,55636.0,3196.0,11866.0
17651,109869.0,21042.0,4250.0
37232,239173.0,239169.0,239171.0
33403,16478.0,879.0,5048.0
38344,1329.0,4154.0,57449.0
52620,146322.0,146321.0,146315.0
16765,2228.0,5048.0,33684.0
63987,1088317.0,1171655.0,1171657.0
65104,985082.0,86637.0,985073.0
50182,144363.0,144362.0,143355.0
32298,17419.0,16858.0,13920.0
39775,45480.0,5685.0,74352.0
22819,3197.0,8687.0,71467.0
15073,3872.0,480.0,3064.0
34108,42160.0,42993.0,65797.0
39924,1646.0,96177.0,1144012.0
50318,5293.0,382.0,8654.0
44052,4071.0,20124.0,18803.0
32241,3911.0,1248.0,34490.0
43045,151651.0,1053304.0,120052.0
20430,21088.0,21858.0,19189.0
22774,3895.0,1813.0,4756.0
18865,51988.0,212.0,55152.0
53027,569.0,10399.0,20904.0
46098,136187.0,108900.0,34491.0
26007,155.0,8265.0,34486.0
28677,101565.0,101566.0,42217.0
18166,140.0,3019.0,2838.0
22200,7026.0,18023.0,1834.0
37873,7450.0,76975.0,226747.0
44695,11165.0,129482.0,78690.0
47604,3061.0,20766.0,43131.0
18941,27578.0,27125.0,113286.0
45110,4886.0,33676.0,35545.0
46914,81253.0,1275604.0,1275603.0
35848,1729258.0,1207145.0,1056166.0
43248,103071.0,131054.0,131049.0
14669,9046.0,77133.0,18313.0
34767,13611.0,129657.0,
55309,3129.0,19162.0,22163.0
7992,8309.0,1405453.0,1729491.0
16430,51544.0,343.0,3229.0
69151,16418.0,6905.0,1527469.0
69343,13936.0,1241.0,72028.0
28136,102429.0,93936.0,99803.0
23515,118529.0,1440860.0,115589.0
13817,75671.0,75666.0,75664.0
16066,12536.0,14950.0,41297.0
13442,10814.0,5723.0,10871.0
23817,15423.0,90577.0,76999.0
32446,884.0,1577038.0,162605.0
13835,1811.0,449.0,
46726,566331.0,146457.0,45051.0
54003,16475.0,11617.0,178051.0
2989,29369.0,6929.0,29342.0
35868,2178.0,723.0,35053.0
55893,223331.0,223334.0,205945.0
14063,69122.0,13021.0,59251.0
39056,55785.0,9671.0,545825.0
47794,55636.0,9221.0,15196.0
51384,9281.0,9560.0,36801.0
32804,56183.0,65920.0,1424490.0
67772,38225.0,8534.0,1910.0
31064,12041.0,8893.0,1217281.0
33116,21523.0,105844.0,207546.0
39295,8496.0,141.0,10158.0
55952,68681.0,97720.0,83037.0
53023,1560809.0,236535.0,28187.0
92719,1813539.0,1169364.0,995592.0
39830,123515.0,123514.0,123513.0
30302,54882.0,526.0,11702.0
17790,29712.0,44792.0,44797.0
29232,92813.0,1209900.0,11786.0
92378,9560.0,15983.0,5695.0
61653,2176.0,35.0,18181.0
15020,2047.0,58014.0,230.0
48745,11512.0,3126.0,11916.0
57735,4493.0,106488.0,21259.0
54100,139150.0,59233.0,45396.0
27455,783.0,62842.0,57906.0
44988,61134.0,25878.0,225411.0
48834,10985.0,137471.0,146769.0
39562,53862.0,144852.0,86905.0
61473,49425.0,4512.0,15789.0
34417,22125.0,8395.0,87765.0
44770,35028.0,34918.0,131391.0
31280,97424.0,103591.0,109865.0
46883,40863.0,150956.0,1063229.0
51763,10182.0,5606.0,2395.0
28732,2295.0,15234.0,9045.0
55294,4726.0,532.0,1061897.0
141660,1457933.0,1705090.0,1457934.0
46917,106165.0,24548.0,236092.0
44470,2076.0,15661.0,45378.0
56830,11885.0,65827.0,526.0
30787,3796.0,30766.0,107001.0
37208,,,
33697,2165.0,17348.0,47879.0
31546,4483.0,11901.0,75601.0
53463,148219.0,56357.0,148214.0
15380,17142.0,67850.0,4451.0
10520,20387.0,22125.0,53936.0
71181,46423.0,215334.0,106769.0
18451,9137.0,7132.0,3907.0
44625,41292.0,26457.0,65002.0
24185,17578.0,2166.0,236080.0
24582,92013.0,,
44528,19957.0,8975.0,8893.0
28374,13023.0,7906.0,37366.0
47178,62036.0,587.0,31005.0
18592,1234.0,50398.0,11867.0
16399,14405.0,18992.0,57829.0
85196,1266878.0,556913.0,1485206.0
39578,1905.0,10341.0,9221.0
426198,130398.0,8205.0,28420.0
135415,127544.0,98557.0,105027.0
18652,83401.0,83402.0,
100975,15370.0,57136.0,5699.0
29412,16126.0,103757.0,34129.0
25656,130654.0,120351.0,118407.0
14041,5937.0,31028.0,23119.0
26567,20644.0,1982.0,20275.0
56224,138.0,10491.0,4429.0
40087,928.0,22434.0,54564.0
36484,8984.0,19152.0,59192.0
27445,228.0,11885.0,22132.0
15053,11510.0,13446.0,4433.0
13432,1106015.0,1106017.0,229466.0
72443,52809.0,58614.0,80108.0
40241,10458.0,52304.0,131785.0
52199,291.0,145528.0,14838.0
91767,192.0,3636.0,15531.0
43638,1646.0,17402.0,19163.0
30192,181983.0,154214.0,554471.0
55613,75812.0,939275.0,1641989.0
66745,1362902.0,1850440.0,185921.0
84997,15668.0,29541.0,106743.0
51230,1503938.0,1503939.0,143584.0
8410,1370.0,55750.0,55747.0
42502,1723112.0,11978.0,1664704.0
47075,1126790.0,1126786.0,138039.0
37464,83994.0,117714.0,117715.0
45802,11544.0,239398.0,320107.0
44158,29879.0,1383265.0,1252072.0
6373,12763.0,17328.0,5538.0
11555,37430.0,69859.0,56977.0
68412,6368.0,82104.0,36190.0
13119,21594.0,41743.0,76528.0
61416,32357.0,10729.0,80368.0
34025,1007681.0,1004705.0,1004707.0
18820,5644.0,6413.0,9206.0
24877,4139.0,10823.0,13936.0
61185,2165.0,55567.0,2630.0
17388,81756.0,81757.0,81754.0
32857,1954.0,47625.0,477407.0
19243,95125.0,215990.0,1078845.0
54771,19498.0,18973.0,60898.0
129455,153912.0,144780.0,1089433.0
5753,44728.0,45365.0,45357.0
42469,113.0,5.0,157799.0
47340,138587.0,138588.0,138577.0
20846,3094.0,11024.0,58393.0
31197,1107178.0,107766.0,107768.0
18803,2206.0,8437.0,12261.0
46745,63739.0,1079094.0,78600.0
86515,1098672.0,1057669.0,247889.0
42048,21315.0,94786.0,21245.0
31227,107824.0,543863.0,107825.0
19713,11288.0,85080.0,85083.0
44196,10985.0,130464.0,110077.0
233438,40177.0,89784.0,200728.0
163392,4765.0,3151.0,779.0
4344,40477.0,36561.0,1123126.0
30174,146092.0,557605.0,1438966.0
165598,1328.0,56356.0,204686.0
48856,27319.0,53904.0,4620.0
238172,93919.0,181263.0,58794.0
50013,143287.0,124757.0,143288.0
59995,21165.0,826.0,230294.0
39958,8212.0,59251.0,96553.0
54951,22970.0,2207.0,50466.0
147676,,,
62301,105816.0,216330.0,235092.0
445821,61784.0,1456888.0,1472713.0
119197,53863.0,68812.0,55638.0
52804,1121947.0,1461120.0,135634.0
63360,7303.0,14668.0,62019.0
47686,14702.0,15234.0,49824.0
49299,1037.0,2561.0,3125.0
42476,13725.0,103069.0,121144.0
54287,14060.0,15992.0,7333.0
65953,17490.0,159657.0,65344.0
286250,1645222.0,107927.0,1352032.0
23451,90142.0,90147.0,90148.0
47657,1646.0,11355.0,7055.0
36992,13656.0,7505.0,1485182.0
63020,5657.0,3141.0,9046.0
38901,16851.0,6905.0,1811.0
1772,11150.0,2955.0,11064.0
23423,68108.0,141573.0,101784.0
49453,3711.0,111195.0,
54612,15668.0,52474.0,101092.0
82173,45471.0,99067.0,593123.0
20216,1086405.0,65732.0,1086404.0
5752,45357.0,1414107.0,45346.0
53119,11180.0,42279.0,6588.0
40451,1577699.0,1577701.0,309747.0
150273,2641.0,1036.0,9112.0
30996,1547066.0,1197046.0,1197044.0
36353,67737.0,54884.0,21944.0
25985,94476.0,27461.0,28003.0
19153,51975.0,,
35066,2462.0,18616.0,11616.0
33582,8191.0,110948.0,110947.0
301233,69122.0,530.0,68848.0
20564,52.0,22123.0,34486.0
40236,77081.0,8516.0,1852956.0
51597,11477.0,1223171.0,34485.0
41209,23931.0,66586.0,4766.0
38244,4726.0,589.0,1579.0
31421,92295.0,83407.0,136899.0
28350,45379.0,11782.0,97698.0
77889,540871.0,247889.0,1946.0
33639,7166.0,19159.0,9626.0
67932,1646.0,921.0,158014.0
18869,820.0,6573.0,26293.0
161905,1274614.0,192412.0,98130.0
45264,6384.0,2778.0,10826.0
66859,1772.0,77346.0,
49963,8256.0,23626.0,18472.0
450654,61784.0,9443.0,1094514.0
198491,65.0,13567.0,6637.0
20148,85718.0,85719.0,65031.0
21589,540.0,2320.0,67704.0
28706,1328.0,14668.0,20212.0
58911,9825.0,34657.0,9376.0
30833,52622.0,100295.0,54564.0
6984,2090.0,44038.0,33054.0
63334,9281.0,8256.0,11703.0
14205,76430.0,76431.0,76436.0
49429,51329.0,15824.0,15853.0
34462,2230.0,74352.0,295406.0
83613,140123.0,1154529.0,743150.0
49314,11477.0,8944.0,3999.0
16429,378.0,16702.0,32327.0
50026,11825.0,2130.0,11066.0
53765,2233.0,39012.0,18750.0
7736,3734.0,2729.0,2733.0
17029,4029.0,58019.0,33676.0
41189,133.0,1276.0,55152.0
150906,1600360.0,,
20648,41421.0,15661.0,60953.0
274748,16560.0,52304.0,158992.0
20186,126171.0,239264.0,239265.0
20270,963313.0,571230.0,1187844.0
14608,76793.0,55751.0,9206.0
53237,41089.0,18262.0,101806.0
5761,45407.0,45421.0,45400.0
18514,21657.0,145360.0,75913.0
13164,62911.0,57133.0,65200.0
18216,15070.0,14463.0,11462.0
29058,30195.0,41250.0,98450.0
38274,68122.0,46423.0,78805.0
48598,16797.0,1071146.0,28433.0
160229,1142331.0,1063289.0,1142329.0
84628,14464.0,7664.0,24682.0
30478,1376313.0,106384.0,106383.0
38246,9631.0,3211.0,21089.0
28855,8977.0,15993.0,16131.0
37428,77485.0,9805.0,91655.0
42517,2230.0,74352.0,112404.0
35120,1386196.0,1386197.0,1386195.0
43708,4432.0,10871.0,4492.0
12821,2048.0,3799.0,17857.0
66121,93936.0,77622.0,106950.0
83172,929276.0,929277.0,1500658.0
17073,42545.0,7795.0,135650.0
47462,32205.0,43903.0,59311.0
42585,1662347.0,1424327.0,53938.0
446594,11464.0,1820326.0,1430898.0
206275,19463.0,101720.0,33108.0
42239,15048.0,40185.0,106726.0
16294,2178.0,65561.0,6613.0
40876,21657.0,1303376.0,1303366.0
61016,4785.0,54882.0,11705.0
45113,68122.0,71552.0,53820.0
78086,17832.0,13936.0,3711.0
69069,34657.0,29092.0,12536.0
31268,135083.0,121609.0,1191354.0
56310,223910.0,,
29957,31503.0,14445.0,39927.0
28917,132078.0,52647.0,59252.0
71853,2231.0,5502.0,66554.0
47158,4173.0,388.0,4001.0
20405,15370.0,53755.0,86034.0
25112,93181.0,93182.0,93179.0
66194,6832.0,163013.0,557117.0
328216,1434042.0,1434044.0,1434043.0
240177,7906.0,9657.0,8395.0
60013,57686.0,218715.0,185185.0
55242,102429.0,39012.0,102441.0
49803,4038.0,4726.0,1328.0
52103,1071377.0,1574881.0,27997.0
366268,590.0,3418.0,1530370.0
48109,11703.0,206936.0,1083536.0
8931,84105.0,84104.0,84106.0
450608,21848.0,1789784.0,1332651.0
15201,211323.0,936013.0,587415.0
6934,2609.0,51465.0,2620.0
48202,11057.0,117766.0,150944.0
35556,191228.0,50346.0,1213603.0
32686,109553.0,8978.0,109552.0
21060,87046.0,61565.0,87051.0
32891,55119.0,1187306.0,1187307.0
53048,21104.0,1064.0,19839.0
39796,1103.0,41901.0,61962.0
28733,4776.0,14564.0,101744.0
42116,69167.0,213473.0,150306.0
51970,151377.0,1218183.0,70776.0
47585,18248.0,27125.0,32205.0
23604,22226.0,10825.0,36801.0
36854,98658.0,98118.0,116396.0
44308,9137.0,36190.0,10539.0
248384,1151637.0,582668.0,1654001.0
14417,169498.0,1067.0,27552.0
30312,,,
14014,76245.0,89500.0,75923.0
233246,1268680.0,1268679.0,1268683.0
169150,52300.0,13919.0,94853.0
43550,2038.0,125718.0,129604.0
31263,1576622.0,66224.0,938560.0
18192,3905.0,4784.0,7470.0
65096,2524.0,6575.0,66555.0
39503,52.0,2958.0,47879.0
30377,11163.0,15993.0,106285.0
161009,2728.0,558768.0,584933.0
92348,119864.0,563461.0,96814.0
24563,83130.0,91965.0,91950.0
44561,11279.0,141450.0,18022.0
49229,22290.0,20089.0,2838.0
18245,82809.0,5915.0,82807.0
66894,5726.0,12977.0,75696.0
35065,15007.0,18041.0,98399.0
24397,26723.0,61110.0,23646.0
28920,33492.0,67524.0,17444.0
39497,8447.0,3907.0,1295233.0
31082,1283.0,71586.0,11115.0
42200,16927.0,5676.0,36938.0
86847,4886.0,534.0,21315.0
16800,939010.0,31058.0,939001.0
19206,60650.0,41901.0,5274.0
61221,8608.0,1713976.0,1811712.0
19151,84171.0,84184.0,84177.0
46902,10696.0,65.0,96529.0
16060,53862.0,56595.0,65561.0
40139,2714.0,14069.0,5403.0
29029,11671.0,35769.0,18972.0
69165,100560.0,151447.0,45501.0
49634,69036.0,101551.0,24816.0
13979,164270.0,963077.0,963074.0
42732,1119869.0,549073.0,590138.0
55632,51072.0,6944.0,11678.0
25187,940339.0,1398218.0,52575.0
15699,77496.0,28744.0,78567.0
28282,1173099.0,35769.0,9629.0
49250,32799.0,58528.0,1219029.0
44490,3288.0,52792.0,3289.0
36762,116147.0,225175.0,837588.0
49351,41229.0,14502.0,1362785.0
51933,884.0,39389.0,55152.0
58669,2713.0,26510.0,22122.0
55561,3051.0,14406.0,10402.0
33347,56731.0,20508.0,1125.0
67822,11066.0,36173.0,558312.0
44432,,,
281348,1714319.0,1106239.0,1812961.0
56306,204167.0,226547.0,176217.0
24224,6613.0,17328.0,10000.0
40208,10826.0,1172672.0,100964.0
106134,1384849.0,1384848.0,188739.0
25994,7056.0,4566.0,11179.0
35106,15857.0,65198.0,98555.0
43354,12248.0,21877.0,47395.0
35337,2282.0,10981.0,23931.0
66668,14405.0,19492.0,15234.0
53177,109.0,17881.0,105672.0
15313,7906.0,10132.0,21290.0
64560,856.0,27163.0,10262.0
77517,66446.0,19901.0,4573.0
54496,25541.0,45415.0,23646.0
51603,78080.0,20386.0,34844.0
31821,80591.0,2716.0,15423.0
20161,5916.0,2038.0,17142.0
58623,1071475.0,1071467.0,97535.0
33560,110883.0,1582.0,110369.0
33343,8963.0,42746.0,10131.0
49110,21411.0,2561.0,70767.0
23122,89783.0,1428948.0,1428947.0
271115,1322378.0,1169144.0,1322380.0
47748,146697.0,146696.0,
44389,5656.0,12851.0,39012.0
40502,109438.0,1213288.0,1181334.0
26482,1334862.0,145556.0,95524.0
74175,100766.0,1015824.0,587657.0
29416,8516.0,97966.0,102974.0
66489,14701.0,59369.0,6937.0
21988,1115.0,302165.0,88322.0
53442,8516.0,148089.0,148090.0
214990,142401.0,1105627.0,84567.0
20439,47879.0,56356.0,52476.0
31785,19299.0,2598.0,72312.0
84626,5826.0,4569.0,52023.0
29032,14731.0,1937.0,41235.0
12828,67737.0,15532.0,73890.0
30830,41699.0,45573.0,45480.0
34598,74375.0,67524.0,57418.0
27658,5048.0,26142.0,42157.0
17627,41042.0,39660.0,42571.0
47363,97880.0,148204.0,53779.0
482414,10669.0,5676.0,31895.0
9971,9273.0,83141.0,60953.0
31811,1039180.0,108484.0,1039187.0
273856,17005.0,9464.0,49275.0
21176,15250.0,5724.0,65760.0
49230,543132.0,,
89394,17580.0,98.0,292193.0
33430,83187.0,5274.0,41886.0
29120,92509.0,54649.0,58663.0
34477,5943.0,112449.0,112447.0
449435,,,
7015,1229.0,820.0,5148.0
60703,585.0,2230.0,41746.0
46564,136901.0,136900.0,1578275.0
58194,650.0,32747.0,20899.0
34681,212.0,16307.0,61110.0
17428,79792.0,61829.0,83222.0
151193,1178129.0,10485.0,39780.0
259557,3798.0,11163.0,777.0
51422,16644.0,21479.0,24323.0
31450,108078.0,,
95177,582722.0,1163133.0,939592.0
43656,22970.0,884.0,53.0
35112,113237.0,96105.0,33271.0
55237,18918.0,109.0,17005.0
19854,57674.0,60077.0,107791.0
113747,75540.0,105839.0,1322657.0
107420,10502.0,131222.0,107326.0
13915,75948.0,20173.0,51539.0
47072,9642.0,5538.0,82805.0
47440,40863.0,589781.0,589780.0
291690,14326.0,30576.0,80278.0
44635,22970.0,3141.0,19394.0
42631,109142.0,17577.0,564026.0
117278,45379.0,100618.0,14062.0
14065,1380879.0,52603.0,207787.0
67277,205.0,477.0,1292.0
282976,1771.0,31512.0,230.0
30082,9626.0,1140620.0,4734.0
18778,114930.0,114925.0,143056.0
15148,290.0,11665.0,9208.0
52796,11705.0,19.0,17402.0
55123,47627.0,43893.0,1700177.0
37532,1985.0,203683.0,104789.0
34424,258281.0,1128884.0,
27393,103747.0,102155.0,1615685.0
18208,227.0,17867.0,25654.0
60023,230358.0,207671.0,230357.0
38349,27578.0,7868.0,540.0
57211,7064.0,556171.0,1442.0
97298,83130.0,39775.0,1013026.0
49133,25819.0,1306493.0,1180060.0
22485,88828.0,88831.0,84695.0
1539,7059.0,17373.0,936098.0
45824,2222.0,2713.0,1328.0
38908,121609.0,1088250.0,121611.0
21236,5170.0,87317.0,12217.0
36714,502.0,1518.0,103994.0
190474,15857.0,30706.0,55668.0
22762,5004.0,13010.0,89635.0
62948,56455.0,35551.0,62001.0
42030,100647.0,104037.0,45002.0
23962,90681.0,90678.0,81822.0
289083,138.0,104895.0,11519.0
37285,1026382.0,1026381.0,1026380.0
23638,13565.0,16896.0,90427.0
21863,21318.0,91657.0,91658.0
402448,1740882.0,1637007.0,1745458.0
196231,1137050.0,149539.0,1024268.0
64256,66155.0,238826.0,1458942.0
56443,62561.0,41556.0,106738.0
24870,125139.0,962026.0,1747847.0
34557,206757.0,1228290.0,101091.0
255527,101377.0,69405.0,166978.0
183088,1954.0,6465.0,58392.0
26037,52775.0,23958.0,54635.0
11225,,,
18848,11207.0,11486.0,1350.0
24078,16431.0,18999.0,11148.0
80287,16475.0,1736.0,15048.0
47889,15852.0,127544.0,1607816.0
7517,11664.0,11022.0,4688.0
161780,477.0,652.0,17304.0
66186,80116.0,17444.0,3034.0
39072,3416.0,9626.0,6913.0
21742,18794.0,,
54910,14892.0,1733.0,16327.0
42478,534.0,1533.0,6396.0
188628,1640256.0,1484962.0,1185202.0
36971,116588.0,116586.0,131867.0
40954,1007561.0,102727.0,1087451.0
57972,,,
259935,785.0,15282.0,169725.0
52735,5916.0,884.0,21657.0
58586,2165.0,8963.0,3982.0
4579,19335.0,38163.0,29915.0
5717,45060.0,45726.0,45725.0
55616,1080337.0,1353359.0,1353360.0
85682,1057669.0,189996.0,102645.0
17602,,,
59199,1231.0,650.0,8289.0
27768,879.0,21625.0,22131.0
30979,107451.0,107448.0,107450.0
8896,89637.0,144495.0,1036329.0
29972,6720.0,931172.0,24044.0
55831,30585.0,46946.0,40403.0
119884,7505.0,7631.0,24811.0
44732,29092.0,67850.0,1907.0
106774,26075.0,1787520.0,1040920.0
58913,55779.0,21398.0,119893.0
126124,1600360.0,1904128.0,185128.0
41578,569.0,884.0,879.0
41163,68284.0,145998.0,27175.0
275763,22970.0,884.0,53.0
49920,54883.0,65421.0,51733.0
131047,2267.0,51755.0,92042.0
48204,45405.0,40863.0,45400.0
40945,3019.0,52951.0,7489.0
102155,135066.0,5403.0,12157.0
119212,236468.0,102305.0,1052818.0
14587,261927.0,108462.0,30087.0
13533,1748.0,29298.0,56166.0
299782,2778.0,39012.0,19069.0
46729,52288.0,62910.0,449.0
48992,288.0,2171.0,13299.0
366926,1516131.0,240134.0,1532463.0
78356,10826.0,5050.0,50020.0
23655,17039.0,34845.0,1689294.0
277706,16119.0,29509.0,41273.0
55622,36638.0,39458.0,942967.0
55839,4252.0,12852.0,221944.0
41363,13472.0,2395.0,11076.0
59934,4095.0,85955.0,188960.0
222336,44995.0,1327240.0,104625.0
25232,2039.0,3085.0,3036.0
95526,98310.0,155094.0,
49427,9626.0,1909.0,73194.0
27724,557505.0,557486.0,557455.0
222369,68122.0,12519.0,29091.0
71990,9912.0,103935.0,87747.0
36196,23626.0,7489.0,31282.0
54772,4886.0,23346.0,52776.0
51511,38666.0,49492.0,17347.0
17075,81195.0,1128031.0,1296605.0
38616,15149.0,88163.0,
47360,148183.0,78006.0,103582.0
24063,824.0,19303.0,11662.0
54506,826.0,1064.0,1838939.0
85564,2714.0,21315.0,46930.0
32309,2155.0,11149.0,60928.0
47281,4785.0,25703.0,20805.0
22557,1241642.0,1134619.0,19857.0
68663,17276.0,1640.0,1772.0
38555,1037.0,2233.0,15370.0
35219,39388.0,335.0,75604.0
61766,11390.0,3635.0,10598.0
60012,9625.0,9046.0,70767.0
114584,101953.0,996686.0,1154819.0
111983,35981.0,158014.0,1053459.0
60814,3266.0,2395.0,9979.0
3166,14852.0,31000.0,10194.0
54390,4730.0,11355.0,9207.0
18540,83244.0,83242.0,83241.0
454098,1802822.0,1802812.0,1383795.0
13055,9047.0,159320.0,47297.0
14639,,,
85871,17904.0,1082853.0,105042.0
39506,142463.0,65512.0,1115761.0
141158,1114257.0,168339.0,
49877,20495.0,18181.0,170638.0
26469,2141.0,1446417.0,1180941.0
26423,95347.0,95348.0,
50677,8891.0,12645.0,6396.0
59807,37014.0,32458.0,1059598.0
371657,36055.0,83264.0,
60095,19463.0,13332.0,175965.0
255261,111248.0,559398.0,139383.0
58073,12207.0,33684.0,228171.0
60109,230545.0,1509310.0,230546.0
356058,1500179.0,1360742.0,1500180.0
39927,22461.0,10871.0,58563.0
17595,,,
8468,89799.0,55188.0,20173.0
106562,1359900.0,1359899.0,72742.0
38120,117714.0,101232.0,115547.0
40000,52300.0,56183.0,7631.0
165020,936.0,15196.0,19463.0
40597,964656.0,1047022.0,1047024.0
13983,42545.0,17051.0,61697.0
35367,95233.0,63985.0,1214389.0
53529,2535.0,20959.0,12801.0
49497,4491.0,31363.0,33654.0
47681,1070439.0,1070430.0,120940.0
51145,13726.0,23626.0,55152.0
37097,537.0,92856.0,82695.0
172351,119485.0,155397.0,144075.0
285726,63766.0,72222.0,234909.0
36048,199.0,36190.0,55272.0
57289,10692.0,74932.0,560316.0
61927,1084242.0,1415967.0,1415972.0
31093,21657.0,11512.0,53755.0
207641,19687.0,93919.0,13079.0
182578,1937.0,59283.0,94854.0
15023,13021.0,15091.0,59592.0
40659,75318.0,58563.0,1485423.0
149544,3034.0,45381.0,98617.0
13076,8924.0,54470.0,1145044.0
85230,290.0,4996.0,20011.0
25048,39187.0,14887.0,70520.0
29656,1125.0,42279.0,9013.0
41884,1037.0,1533.0,3809.0
36703,123515.0,116020.0,116021.0
54973,175631.0,66252.0,175611.0
21059,29795.0,60235.0,87042.0
260928,1669076.0,1021805.0,1669081.0
49057,8654.0,4029.0,5694.0
85163,7301.0,91725.0,1604129.0
27404,15423.0,102669.0,1213118.0
49618,6367.0,,
176554,8949.0,143476.0,61144.0
57848,45379.0,30609.0,57906.0
70698,147.0,65195.0,100858.0
54498,80200.0,238743.0,1764903.0
29258,13314.0,40175.0,103379.0
274127,5401.0,7570.0,18766.0
40923,1297969.0,1297971.0,1297965.0
40930,5503.0,6907.0,389.0
397165,29068.0,15183.0,36042.0
48451,19534.0,70985.0,18735.0
35662,114501.0,30984.0,100147.0
125063,1232334.0,1230693.0,10984.0
112812,37624.0,1858885.0,118614.0
50285,3900.0,62486.0,66577.0
41125,45210.0,125536.0,53548.0
47226,1546415.0,1546417.0,1168061.0
47893,17303.0,11365.0,12850.0
71992,124513.0,85536.0,2278.0
54407,150536.0,105835.0,10756.0
54188,42545.0,62000.0,17444.0
39041,121868.0,121867.0,121869.0
61148,6886.0,22462.0,18082.0
108878,11828.0,199902.0,183212.0
44054,150938.0,150928.0,82124.0
56839,2878.0,77321.0,
16422,15007.0,827.0,8924.0
33068,,,
96461,33527.0,65345.0,228895.0
230264,1265201.0,1265203.0,1265202.0
35900,,,
365348,1527170.0,98201.0,1527171.0
71838,17421.0,14502.0,105626.0
43671,23975.0,1909.0,62567.0
18849,6575.0,30316.0,65344.0
54804,10731.0,22159.0,137471.0
50225,11477.0,2462.0,13333.0
451088,55900.0,1307801.0,1434814.0
60125,23659.0,54645.0,63917.0
37978,7166.0,58016.0,24264.0
87469,100858.0,156052.0,1287056.0
22132,17190.0,452.0,61607.0
53259,147.0,230.0,231.0
58308,104037.0,140591.0,83917.0
19572,17271.0,76536.0,28634.0
55545,22969.0,24613.0,7058.0
12447,17225.0,3799.0,12950.0
83346,564.0,706070.0,929465.0
52452,980.0,29459.0,146013.0
42593,16483.0,3092.0,7673.0
128042,167687.0,1829206.0,4180.0
65160,1223019.0,1626377.0,98078.0
38280,84497.0,25503.0,164418.0
42192,7470.0,50398.0,6906.0
28342,34407.0,101731.0,100496.0
46783,3711.0,,
37780,11064.0,19211.0,118377.0
60727,79082.0,54453.0,59293.0
57248,2133.0,53.0,23958.0
197542,20011.0,18794.0,44243.0
68180,581211.0,581213.0,581212.0
81477,247889.0,1082060.0,98241.0
21117,5529.0,10747.0,30083.0
56077,955.0,3910.0,22383.0
98106,936.0,8949.0,44794.0
80874,2440.0,477.0,27888.0
25216,59174.0,10361.0,11512.0
100274,20380.0,188947.0,1224802.0
26347,3776.0,95176.0,19776.0
18468,1057411.0,203195.0,930709.0
17326,1169.0,105830.0,80123.0
49644,22082.0,100602.0,22250.0
38051,530.0,41436.0,7431.0
4747,16927.0,14812.0,39275.0
48364,89043.0,12150.0,153460.0
52499,21721.0,29934.0,94854.0
43814,65827.0,55638.0,168452.0
30122,94185.0,4515.0,87003.0
18634,113304.0,,
47890,655.0,8924.0,11857.0
83418,30620.0,24326.0,45501.0
63108,8436.0,17402.0,227.0
348138,5346.0,56691.0,1466166.0
49823,3087.0,4520.0,3229.0
49036,4.0,707.0,1532.0
29417,85895.0,30689.0,14847.0
57980,7026.0,12763.0,47615.0
19319,10963.0,24695.0,41798.0
375613,1559467.0,1405973.0,1557230.0
42877,1328.0,21596.0,6197.0
29121,8516.0,97966.0,928480.0
103488,6008.0,44810.0,52043.0
32209,84497.0,20373.0,94652.0
52902,,,
62677,4730.0,47627.0,18992.0
27840,97621.0,99135.0,99125.0
44813,13242.0,10692.0,1812.0
36485,31171.0,35980.0,108889.0
5686,44830.0,21818.0,44828.0
50700,3051.0,33449.0,15293.0
23239,77335.0,15337.0,75544.0
20422,12214.0,18023.0,25136.0
283885,105027.0,1346620.0,1346618.0
43753,6463.0,4965.0,129803.0
32910,61428.0,144165.0,144160.0
48447,,,
36120,,,
44005,236185.0,172634.0,45469.0
90315,247889.0,189996.0,8331.0
41747,10431.0,72440.0,6575.0
55180,103.0,75604.0,167556.0
30452,166044.0,1552106.0,1552107.0
48883,1577805.0,31792.0,1181228.0
50100,1818467.0,1818466.0,1818465.0
29958,45415.0,105363.0,100557.0
41940,1675965.0,55188.0,20173.0
92261,1191418.0,150181.0,8516.0
57219,2712.0,6355.0,41687.0
262751,1306641.0,1306642.0,1306640.0
404277,131723.0,158833.0,1822582.0
46732,1466.0,3151.0,5606.0
40759,124546.0,76625.0,124547.0
55249,42545.0,3085.0,980.0
465621,1228997.0,1627046.0,1267252.0
34175,5151.0,12224.0,112052.0
27671,98631.0,98634.0,97826.0
32122,28100.0,85354.0,108924.0
487883,1926026.0,1926025.0,
57215,6905.0,28010.0,8963.0
39450,,,
15272,78065.0,78067.0,78066.0
232047,15254.0,38123.0,4635.0
204890,42250.0,1626377.0,98557.0
48752,27578.0,5602.0,982.0
82667,117419.0,14847.0,8516.0
41851,151431.0,196179.0,106322.0
46336,73455.0,135893.0,135890.0
55172,19.0,5151.0,50095.0
35236,20752.0,114035.0,114037.0
34441,112376.0,112378.0,112377.0
309981,1397459.0,1397462.0,1397457.0
344088,106672.0,10369.0,1090659.0
115427,53779.0,49673.0,125402.0
19392,13550.0,11671.0,32458.0
35161,17258.0,229.0,262720.0
210322,1937.0,199812.0,1193952.0
28546,1929467.0,1929474.0,1929466.0
450087,62715.0,1798301.0,1798300.0
47426,126131.0,141680.0,141676.0
38717,60073.0,6905.0,33196.0
210837,77496.0,76181.0,23.0
31312,107939.0,1277842.0,200146.0
163829,1388233.0,1146911.0,1435805.0
49341,97581.0,20915.0,
67309,940630.0,99424.0,1708234.0
41366,585.0,47615.0,37041.0
37346,15789.0,6106.0,62569.0
288276,74276.0,21523.0,33527.0
49674,33676.0,20220.0,6365.0
34113,982.0,89799.0,1884305.0
54501,8447.0,2782.0,83313.0
62190,5563.0,12519.0,69399.0
30947,3130.0,825.0,21721.0
19509,69399.0,84763.0,
86743,13023.0,66223.0,5950.0
56807,1014017.0,225007.0,225006.0
291672,1466.0,2115.0,36055.0
41850,1359137.0,1359141.0,1359143.0
44693,1338403.0,161040.0,30453.0
83862,4029.0,99.0,33054.0
33256,9560.0,14792.0,88794.0
32519,18285.0,150972.0,17941.0
41635,1555177.0,123795.0,17737.0
43120,134000.0,134001.0,34129.0
183107,1150824.0,1502033.0,106242.0
26168,2155.0,25654.0,15234.0
68481,42559.0,552265.0,552271.0
28734,52611.0,100552.0,31186.0
356838,1502079.0,,
104461,82104.0,1111969.0,82159.0
87107,27740.0,8963.0,13243.0
42173,11512.0,77081.0,54782.0
43091,1008515.0,1100028.0,1710913.0
223658,14888.0,37041.0,12516.0
290521,10814.0,2047.0,15455.0
97974,107078.0,35349.0,153004.0
38743,9046.0,404.0,39012.0
126693,1288383.0,1324987.0,245449.0
85155,67519.0,1687733.0,1638270.0
160809,1142862.0,197105.0,179732.0
24385,19538.0,111683.0,13936.0
50722,1086.0,36486.0,1085856.0
50391,11317.0,480.0,34715.0
37947,12643.0,2547.0,27775.0
87120,197436.0,121081.0,97480.0
55459,114457.0,173450.0,106832.0
253401,1288922.0,,
79875,59804.0,165640.0,588154.0
31193,19225.0,70076.0,37255.0
408773,1815759.0,1815758.0,1658629.0
44375,6408.0,15439.0,105112.0
20340,86288.0,86289.0,86287.0
62637,235650.0,555301.0,555306.0
35716,146683.0,93528.0,64946.0
40920,67524.0,67524.0,162945.0
55011,652.0,42571.0,15094.0
44107,41645.0,1313688.0,42441.0
59806,88322.0,86133.0,58693.0
30935,82783.0,16555.0,105085.0
56235,31.0,223812.0,223814.0
265617,25663.0,3308.0,226083.0
267924,1107719.0,1316204.0,991554.0
4644,140.0,4430.0,62065.0
24000,79713.0,3068.0,90751.0
31092,965205.0,1077418.0,465942.0
3165,10162.0,8516.0,30984.0
42944,52937.0,84299.0,43903.0
447663,1585176.0,1779189.0,1779188.0
251504,1815772.0,1815774.0,1815773.0
14042,18025.0,1251875.0,29097.0
63088,126093.0,1560485.0,91965.0
24422,36801.0,526.0,27125.0
33429,937438.0,937440.0,937436.0
198762,1604869.0,1604852.0,1604872.0
43391,214626.0,131032.0,100582.0
58227,24368.0,3787.0,88147.0
44655,11978.0,186620.0,50763.0
33275,85756.0,69483.0,19260.0
25025,1097565.0,1477309.0,1477311.0
46186,206321.0,133675.0,1543531.0
212006,49895.0,76465.0,140088.0
153879,59216.0,11366.0,3799.0
61393,1904.0,1366693.0,162524.0
400028,1628380.0,1628384.0,1628382.0
41613,20388.0,,
32444,26867.0,101416.0,109175.0
117636,27005.0,118463.0,571297.0
44998,59174.0,824.0,7351.0
34209,4810.0,155576.0,4451.0
66025,2047.0,9781.0,94103.0
329269,68812.0,2154.0,10477.0
56816,1158489.0,937721.0,111217.0
37846,77122.0,54519.0,568274.0
115604,1866343.0,1599268.0,1866342.0
44687,1990.0,19435.0,65409.0
163519,83024.0,1343519.0,130432.0
40963,18262.0,5695.0,1222726.0
60654,7676.0,109786.0,1582.0
371557,1287524.0,1287527.0,1287525.0
40769,111446.0,124562.0,40864.0
38534,7002.0,69399.0,29479.0
45037,1372656.0,1372659.0,1372660.0
33310,135316.0,75394.0,135320.0
5302,42746.0,3664.0,42751.0
37000,1482045.0,143737.0,1482044.0
40801,85239.0,,
93888,1013082.0,1013083.0,39773.0
65146,994453.0,55877.0,27121.0
53310,1275.0,29460.0,44240.0
46851,79759.0,137561.0,137489.0
361761,1515971.0,1515974.0,1515973.0
47358,138730.0,138729.0,138728.0
40428,123994.0,123996.0,123993.0
67275,17486.0,16856.0,21165.0
6182,48530.0,48533.0,48536.0
57952,1169972.0,,
166662,83603.0,1148258.0,1148255.0
46301,10823.0,35341.0,590.0
38275,10669.0,2130.0,120006.0
215747,13617.0,1543007.0,1900017.0
23323,592587.0,502111.0,592590.0
100189,62036.0,20011.0,8873.0
44416,83023.0,43933.0,90410.0
217903,943308.0,1187608.0,941443.0
61629,20767.0,31532.0,233440.0
37715,58924.0,17643.0,154000.0
46065,58058.0,38560.0,36218.0
277416,19976.0,1278477.0,117458.0
79954,18979.0,2295.0,21523.0
81887,28906.0,101851.0,11829.0
51808,19069.0,236636.0,1374408.0
349420,1137729.0,1488313.0,1196847.0
32782,55779.0,221840.0,583061.0
235877,1600360.0,1867673.0,
258967,1494999.0,1495000.0,1494988.0
27100,96953.0,96952.0,96949.0
216163,1797659.0,157618.0,184781.0
43773,305593.0,1193561.0,1193558.0
31097,1954.0,7470.0,34485.0
38231,41737.0,59369.0,1063487.0
120959,9221.0,8606.0,27554.0
60557,58769.0,74097.0,1929462.0
18534,21125.0,34485.0,1903.0
54894,163926.0,98666.0,985193.0
65507,76227.0,104378.0,1608976.0
50333,,,
60828,231776.0,60486.0,231774.0
93630,103071.0,91950.0,90843.0
208694,13550.0,11511.0,172667.0
37042,30689.0,6725.0,14847.0
26577,87003.0,65002.0,97604.0
34380,112254.0,74330.0,112255.0
51634,582888.0,58924.0,144376.0
70602,1774141.0,1774148.0,1774145.0
35663,8516.0,114516.0,30453.0
69852,1861040.0,1170047.0,98867.0
37716,57795.0,12211.0,75712.0
197609,883.0,1923.0,3757.0
24754,1218218.0,32029.0,206808.0
50598,550832.0,550833.0,163545.0
3162,1362785.0,30952.0,30955.0
232687,28238.0,11163.0,12410.0
114542,52622.0,70423.0,1058919.0
54405,13726.0,47615.0,24813.0
253120,65002.0,16215.0,2171.0
31185,21908.0,7906.0,1076327.0
44606,4568.0,11831.0,1499276.0
44738,1057653.0,1205824.0,1545888.0
66787,585.0,17640.0,56045.0
404567,1660478.0,98520.0,1238521.0
49446,45400.0,142314.0,138027.0
24578,11278.0,6637.0,37058.0
18154,82745.0,62000.0,82746.0
12632,23721.0,6264.0,23750.0
304870,1360742.0,1387315.0,1368436.0
51167,6163.0,1771.0,11702.0
17367,3784.0,586123.0,213289.0
41302,126117.0,103071.0,91950.0
452966,1853778.0,1799149.0,1799148.0
46016,3798.0,67524.0,27493.0
180463,1069467.0,85880.0,100892.0
35726,59315.0,79082.0,77350.0
70554,9979.0,10739.0,119586.0
44641,25503.0,17094.0,7370.0
48923,35793.0,87773.0,35759.0
61980,1264776.0,1269820.0,1269828.0
1482,36190.0,36189.0,11803.0
47410,14731.0,14902.0,138877.0
44276,10162.0,10162.0,182161.0
125601,1127005.0,,
87734,97917.0,98792.0,64833.0
113905,1194961.0,1585656.0,954225.0
74837,16763.0,90848.0,165184.0
476405,1890188.0,1890224.0,1890189.0
89199,106926.0,29915.0,38165.0
414763,929211.0,1676261.0,1172683.0
19573,974.0,231610.0,100242.0
169308,3125.0,1630293.0,1630301.0
65293,20904.0,11366.0,935615.0
37497,42746.0,117813.0,117809.0
43653,44735.0,43366.0,84407.0
41754,6104.0,26473.0,83699.0
118856,1072809.0,1072804.0,1072807.0
421681,1704976.0,1704975.0,1492016.0
3510,32245.0,32276.0,32275.0
69110,15319.0,13657.0,71240.0
162186,1904133.0,1904134.0,1904132.0
23430,130621.0,544052.0,62849.0
14122,83938.0,7041.0,
34167,38582.0,12833.0,1986.0
56259,101745.0,223843.0,102821.0
60001,168305.0,230320.0,157860.0
268937,1543311.0,1680497.0,100505.0
312153,229.0,60095.0,1400526.0
42850,58619.0,562191.0,562190.0
18397,1646.0,11149.0,141.0
36549,24343.0,1933417.0,1187218.0
348176,94927.0,35634.0,35621.0
161672,1149886.0,1199967.0,1199968.0
303263,1385458.0,1385455.0,
14189,2314.0,9626.0,18364.0
62854,236103.0,236101.0,236102.0
352790,1493005.0,1297894.0,1304761.0
370879,,,
117773,56881.0,1211.0,15899.0
487305,,,
172545,2440.0,973.0,660.0
66115,51873.0,590.0,33836.0
54022,4690.0,569.0,1032.0
39369,19923.0,37058.0,135911.0
234269,128961.0,54533.0,558854.0
49808,62893.0,32544.0,1106210.0
134761,4690.0,15286.0,44038.0
33009,55089.0,65561.0,74036.0
97895,30984.0,1015857.0,1082171.0
31284,22821.0,1116536.0,1226076.0
32019,10823.0,4787.0,8949.0
203820,171865.0,91461.0,32029.0
39478,228330.0,57251.0,1288674.0
57223,47070.0,33190.0,73070.0
50977,1102549.0,116656.0,1334284.0
15792,27552.0,78788.0,2839.0
464905,140.0,1846098.0,1434032.0
85655,1905207.0,,
32767,27888.0,41737.0,12518.0
37736,118419.0,1373299.0,1933629.0
34074,93210.0,111801.0,63367.0
14428,35091.0,79072.0,52474.0
85206,231649.0,59804.0,19687.0
24498,91679.0,91682.0,91680.0
85203,1274162.0,1274160.0,1885846.0
56925,20472.0,52815.0,1108666.0
16445,,,
65367,101545.0,97936.0,88549.0
21153,104710.0,582434.0,582435.0
34596,17305.0,20584.0,31508.0
42578,11160.0,6587.0,14700.0
43657,163422.0,141770.0,1243338.0
31128,10671.0,29327.0,16555.0
98560,20848.0,1162.0,4940.0
53121,591519.0,1113714.0,1113712.0
198171,8975.0,10342.0,183748.0
87081,1252008.0,1933599.0,1821978.0
53434,,,
45921,586.0,588.0,7137.0
44305,85171.0,116433.0,66630.0
41423,10697.0,32205.0,43903.0
238295,1272696.0,1272695.0,1272700.0
48515,224654.0,33730.0,140621.0
321343,1419002.0,1418999.0,1419006.0
37800,9191.0,22159.0,26657.0
77368,1528.0,26259.0,10513.0
154818,,,
56774,50877.0,1239766.0,34200.0
51534,928453.0,176048.0,1177994.0
16861,1288852.0,84500.0,84501.0
27220,97326.0,97323.0,97324.0
128152,35319.0,14792.0,87457.0
52050,1716983.0,997262.0,991930.0
208500,8262.0,4965.0,64351.0
23976,,,
48174,17782.0,26865.0,140006.0
46808,137448.0,137454.0,8474.0
58026,234554.0,1082060.0,227222.0
338419,1464691.0,1464687.0,1464679.0
47534,8692.0,101187.0,139078.0
165356,235143.0,174639.0,131110.0
62635,235639.0,,
31069,32.0,32798.0,1986.0
155003,,,
396728,1617486.0,1617488.0,1010053.0
102421,1030575.0,1030574.0,1030576.0
69061,12899.0,,
454157,1833607.0,1147969.0,
19582,15029.0,6474.0,33292.0
51820,2535.0,18288.0,80597.0
320104,1110405.0,59696.0,1447281.0
83875,15635.0,6777.0,1112139.0
167859,91725.0,1149599.0,60461.0
210809,1081418.0,154395.0,1194522.0
32700,7027.0,83407.0,109595.0
54162,4996.0,35548.0,43902.0
68479,64856.0,97880.0,61703.0
126405,12122.0,21462.0,8962.0
87919,139150.0,1225037.0,1107178.0
411101,1665352.0,1492014.0,1492016.0
55985,223509.0,223511.0,223510.0
64104,1387153.0,1387147.0,1387149.0
86689,42174.0,1267704.0,1267710.0
38135,13391.0,239061.0,76539.0
41891,31838.0,9640.0,57136.0
83155,1448531.0,1697769.0,197027.0
185063,1072161.0,158659.0,246.0
55852,,,
471664,1872994.0,1872993.0,1192288.0
83329,5025.0,152780.0,21199.0
68670,147.0,3232.0,7489.0
66159,,,
98094,1327446.0,57626.0,1392546.0
44672,1726648.0,168241.0,1726646.0
39033,121803.0,121804.0,121805.0
33102,58528.0,32029.0,57387.0
101904,1029285.0,1029287.0,1029286.0
54821,138939.0,,
36563,3092.0,4521.0,7868.0
322399,1420377.0,1420370.0,1420376.0
110275,120940.0,1048624.0,
205034,1187498.0,1187495.0,1187496.0
33435,1346711.0,111639.0,1119730.0
270783,15824.0,6719.0,27237.0
50673,20189.0,17178.0,80591.0
90875,2233.0,38085.0,168648.0
28858,,,
19598,84895.0,84894.0,
9832,6212.0,38582.0,26473.0
368823,61110.0,18472.0,24292.0
231516,1266706.0,1266703.0,1266705.0
219697,89012.0,121249.0,148401.0
49855,4724.0,14888.0,18686.0
46062,134654.0,66524.0,134653.0
54893,44735.0,2695.0,58742.0
47500,18248.0,42993.0,
60600,56857.0,15455.0,3126.0
52455,86370.0,16761.0,30846.0
36733,27740.0,1472.0,1667721.0
204959,133974.0,217302.0,1187329.0
34328,8978.0,,
309836,4783.0,1292.0,10680.0
104894,,,
13097,93609.0,74191.0,93607.0
30360,112328.0,,
38237,1736.0,83699.0,1072.0
60512,1624890.0,1759200.0,1759154.0
89737,93419.0,1195956.0,1195958.0
46901,9280.0,5365.0,14699.0
287530,5049.0,1354484.0,693.0
25774,,,
35081,65827.0,21629.0,54649.0
102831,1032055.0,,
293345,16475.0,15048.0,9565.0
66742,4566.0,47953.0,58654.0
42450,18071.0,33059.0,12123.0
108291,5365.0,53257.0,96553.0
227914,101930.0,1600298.0,1600297.0
52472,18472.0,146056.0,146053.0
66487,8654.0,10477.0,58563.0
91418,49897.0,188505.0,939605.0
5127,41342.0,24516.0,41341.0
39054,34612.0,121953.0,17640.0
40186,231426.0,35899.0,25347.0
469776,1864780.0,1864777.0,1864781.0
31864,108555.0,108556.0,108554.0
51685,,,
79615,1920.0,4765.0,2879.0
41555,126932.0,21366.0,85484.0
32830,,,
47755,,,
43651,,,
25721,126686.0,557579.0,205588.0
54962,232756.0,232755.0,232761.0
56289,9140.0,64416.0,216380.0
41536,126802.0,126803.0,126798.0
59712,68122.0,15853.0,65529.0
51059,74036.0,74607.0,51455.0
49759,8963.0,35157.0,4158.0
81220,6944.0,52119.0,8329.0
22842,74428.0,3203.0,76546.0
38841,49425.0,26472.0,
44233,26472.0,28778.0,1215803.0
114620,655.0,127544.0,74604.0
464551,1844410.0,1844409.0,
52048,,,
96339,104600.0,1134891.0,1134896.0
451008,1493344.0,1592895.0,1791467.0
86744,32067.0,1605908.0,1583665.0
66166,11150.0,389.0,21399.0
97306,2648.0,91961.0,91960.0
43756,62910.0,13525.0,201052.0
253336,18288.0,,
95568,1800960.0,14853.0,1194521.0
52838,,,
331344,1441743.0,1441741.0,1109315.0
66110,544639.0,544640.0,544641.0
67305,97698.0,4078.0,141.0
63309,,,
131309,12139.0,116147.0,113242.0
370381,1542089.0,1014586.0,1542087.0
24669,92145.0,92147.0,
51290,143768.0,143769.0,
63883,238139.0,238140.0,87266.0
120222,1071667.0,1071660.0,1071655.0
60544,5576.0,,
14096,76366.0,1381692.0,1381690.0
438568,10826.0,52365.0,21318.0
244290,935612.0,1145.0,1139027.0
68982,3160.0,9112.0,31169.0
15911,,,
65043,240304.0,240307.0,240309.0
44634,66101.0,18284.0,88161.0
41870,,,
162666,,,
61055,65760.0,86310.0,111195.0
63183,3014.0,120070.0,1114201.0
41731,47640.0,1518460.0,77440.0
382969,1578321.0,106642.0,90407.0
90076,9811.0,1291897.0,1793222.0
169610,1151720.0,78609.0,1151722.0
290456,1807541.0,1807533.0,1807536.0
20703,21485.0,116907.0,9629.0
233161,1209289.0,16758.0,1165980.0
57163,52.0,23459.0,4800.0
55022,53936.0,591208.0,591209.0
54197,60765.0,150081.0,64161.0
463697,1840411.0,1840410.0,1840408.0
50819,155669.0,89719.0,591049.0
57685,18248.0,2207.0,187565.0
42255,58942.0,127607.0,127606.0
52202,133736.0,1060266.0,1060265.0
56698,14060.0,1218218.0,65345.0
37764,14892.0,11022.0,204679.0
91730,931793.0,98052.0,148006.0
447852,1343853.0,1780039.0,1780038.0
61144,15152.0,656.0,6450.0
88374,1682439.0,1724410.0,1724415.0
25895,26664.0,135715.0,74487.0
154124,52869.0,1134851.0,1134852.0
44762,104646.0,131365.0,131366.0
183386,139433.0,1224999.0,1860228.0
137853,1375250.0,1375251.0,
278859,110589.0,1904311.0,1013947.0
81633,1046093.0,1046098.0,1014996.0
361752,1515913.0,1516065.0,1515912.0
55807,,,
246415,1439317.0,1439315.0,1439316.0
369916,1291350.0,1696390.0,138381.0
236794,1271706.0,1349459.0,1271705.0
380671,1571701.0,1571700.0,1501475.0
16352,80392.0,80390.0,80391.0
331794,3895.0,30187.0,30187.0
23733,,,
44097,1485196.0,1485197.0,1485195.0
33664,74687.0,1123231.0,176573.0
159627,58792.0,56984.0,
66698,10132.0,64915.0,18658.0
72462,196544.0,1569586.0,1643890.0
39933,1031067.0,108919.0,1355786.0
85455,932137.0,932136.0,932132.0
26443,19011.0,95434.0,
31239,16214.0,,
82796,162323.0,1717128.0,1771061.0
40946,,,
32893,40978.0,43427.0,63107.0
40928,,,
23374,,,
51494,142618.0,,
62179,15425.0,,
47568,108288.0,4112.0,13299.0
13518,16376.0,10750.0,19011.0
61730,39125.0,58955.0,204392.0
488408,1927771.0,1375148.0,1031244.0
47219,102.0,44023.0,82757.0
41890,,,
217581,1389740.0,1202454.0,1160633.0
46133,,,
49748,,,
63007,6937.0,96741.0,184997.0
55712,5694.0,35159.0,17444.0
55957,,,
126363,1600360.0,185128.0,267634.0
27855,94927.0,1455184.0,1710329.0
47275,101980.0,64092.0,1873332.0
434220,11128.0,14312.0,21416.0
379278,71913.0,8349.0,2641.0
455562,101588.0,1180666.0,
5757,13924.0,45386.0,45391.0
86649,292193.0,103455.0,1146397.0
61008,110015.0,59117.0,213144.0
51737,1707734.0,1707735.0,204936.0
30995,1207028.0,98187.0,1207031.0
234331,1269891.0,,
146138,1709625.0,1726380.0,1214121.0
43472,7639.0,87698.0,14659.0
286805,1108129.0,1353350.0,1353351.0
407992,11903.0,1655988.0,10130.0
40768,,,
161692,1115655.0,65568.0,1773346.0
178152,,,
16640,180637.0,426.0,53933.0
85771,10985.0,3900.0,
104956,55119.0,544597.0,1844447.0
41039,44766.0,1486049.0,2758.0
55730,2882.0,1233.0,27545.0
36551,,,
71153,560326.0,560327.0,560331.0
140642,923.0,1647149.0,118484.0
55478,8329.0,18658.0,222495.0
38638,120960.0,120959.0,
56342,35236.0,2617.0,223967.0
28554,450.0,1004.0,58184.0
41871,1364048.0,1364049.0,222882.0
281177,35579.0,99779.0,112863.0
219648,6368.0,93919.0,102436.0
49179,1262788.0,164270.0,1332275.0
451137,,,
46791,56861.0,1174731.0,1174730.0
382707,,,
257000,1297162.0,1297161.0,1297159.0
356781,1501867.0,1501865.0,1501869.0
15548,1210453.0,1481393.0,1210451.0
73137,568306.0,99681.0,106728.0
52095,532.0,7906.0,1986.0
219631,16743.0,61153.0,1379225.0
112448,1133866.0,13617.0,1054821.0
56045,65772.0,56676.0,179840.0
406996,1652376.0,1652375.0,1652374.0
44953,2047.0,10964.0,19767.0
56425,222771.0,224276.0,185111.0
43669,102952.0,,
62573,58654.0,9138.0,46128.0
420791,,,
32422,112864.0,572606.0,572604.0
40555,193.0,13550.0,8437.0
63923,238194.0,1918470.0,1918467.0
42248,1240.0,13443.0,91555.0
346297,1481816.0,1481815.0,
290606,1164.0,29068.0,25808.0
67962,529.0,5047.0,3127.0
36787,116220.0,116221.0,116225.0
45626,133346.0,133349.0,133348.0
61527,74541.0,15091.0,94098.0
70235,558151.0,1563106.0,558153.0
412194,1680723.0,1680717.0,1680726.0
161741,13617.0,1092235.0,213840.0
392432,1604527.0,,
78073,21479.0,116774.0,572262.0
239668,7502.0,29091.0,21282.0
210092,35350.0,16559.0,185111.0
25784,143435.0,143434.0,111185.0
45551,23346.0,52306.0,149551.0
34191,,,
82871,34551.0,131780.0,515136.0
68567,123621.0,123619.0,552996.0
61476,51533.0,207.0,6408.0
37205,194899.0,124318.0,29940.0
394040,1747935.0,1747936.0,1747934.0
64211,1063.0,21290.0,14723.0
57871,,,
459987,,,
118151,1070707.0,1070706.0,1070705.0
3588,3094.0,11486.0,6168.0
85301,97619.0,931879.0,931874.0
459067,1823594.0,1823593.0,1823592.0
31730,1134925.0,1134924.0,1134926.0
45159,134787.0,134786.0,
46391,146112.0,146111.0,146113.0
41708,,,
54790,56934.0,40864.0,1620527.0
45178,,,
50123,57448.0,84225.0,6804.0
16881,,,
62615,20753.0,141687.0,58317.0
71581,6774.0,1142166.0,563437.0
420078,,,
39115,44038.0,38670.0,122203.0
94738,1307897.0,1605334.0,1605333.0
67232,,,
209957,238157.0,1193519.0,225429.0
203140,1370549.0,1370551.0,1370550.0
161422,15274.0,1064.0,13635.0
65571,31005.0,1067187.0,168242.0
49909,,,
82411,,,
64315,62417.0,239009.0,239008.0
99373,98102.0,61153.0,154917.0
376452,,,
61578,65.0,34543.0,
50982,935919.0,1136732.0,163419.0
42271,,,
144822,1304095.0,1304094.0,1155750.0
123404,1414659.0,44803.0,1056799.0
31539,,,
65736,16475.0,18270.0,10691.0
35567,,,
55813,1387846.0,1527119.0,1527127.0
455553,141066.0,1808400.0,1180666.0
53977,164945.0,11086.0,85412.0
70079,2166.0,101144.0,119354.0
44479,1182959.0,232937.0,32030.0
61079,232326.0,232327.0,151071.0
413069,101753.0,100601.0,
450709,,,
28078,97698.0,69494.0,99608.0
201363,6719.0,36602.0,58293.0
56069,617.0,57733.0,57736.0
72747,490949.0,934078.0,1270600.0
89666,16476.0,1449685.0,1297978.0
229198,51699.0,1263848.0,
433854,1735141.0,1735138.0,1440662.0
432626,1731020.0,1806933.0,1806938.0
57292,6413.0,49971.0,43019.0
347954,,,
28521,35579.0,19384.0,62000.0
161080,30320.0,1836536.0,72306.0
61033,82885.0,80966.0,95604.0
38815,,,
24058,89292.0,86988.0,149571.0
21071,424.0,87070.0,7465.0
34795,88828.0,88831.0,84695.0
28388,35579.0,97621.0,78021.0
205072,,,
411102,1665370.0,1665329.0,1665364.0
361673,1515797.0,1515789.0,1515795.0
18549,86034.0,20301.0,
321018,1586291.0,1418180.0,1418176.0
270304,,,
65017,240227.0,240230.0,240226.0
463050,11766.0,1837761.0,1837766.0
50655,209456.0,311531.0,164636.0
47524,94432.0,113948.0,139063.0
68165,550439.0,550441.0,168862.0
26952,96656.0,96652.0,96651.0
411097,1665335.0,1665333.0,1665329.0
54799,216476.0,216009.0,216010.0
28513,98157.0,92027.0,101035.0
121205,124261.0,93004.0,1073829.0
49796,15152.0,20011.0,29791.0
152825,1024443.0,1304644.0,1135285.0
19097,84089.0,84088.0,84092.0
55569,11152.0,53112.0,146273.0
42477,1115655.0,100295.0,34046.0
251159,1072161.0,1286410.0,954476.0
94769,102419.0,1164658.0,1119010.0
224352,1209919.0,1274309.0,1209918.0
85143,1078349.0,170061.0,99612.0
455559,101588.0,1180666.0,
293417,,,
44949,94098.0,12852.0,18473.0
51595,11851.0,53672.0,13753.0
74462,572133.0,572131.0,572129.0
108132,30952.0,8516.0,30984.0
101571,1641418.0,1729533.0,1224042.0
47836,209513.0,590983.0,590984.0
340196,,,
424057,1702991.0,1193572.0,1178118.0
44489,,,
217441,172620.0,164653.0,269519.0
54181,2535.0,17444.0,1400909.0
339222,1464664.0,1464660.0,1464663.0
408148,1656676.0,557597.0,1192000.0
23923,,,
344503,1476810.0,1476811.0,1476809.0
428700,1115333.0,1510302.0,1360742.0
26631,95887.0,95886.0,95885.0
50956,,,
118684,140542.0,1816017.0,638709.0
42875,,,
399004,109451.0,32673.0,1264358.0
18211,56825.0,31903.0,1185721.0
54301,2395.0,1222839.0,946318.0
107173,1041363.0,1041365.0,1041364.0
103607,53361.0,1492752.0,1034444.0
124322,1768485.0,1768481.0,1768474.0
65059,1056691.0,559279.0,1040478.0
50024,78501.0,8294.0,155698.0
363656,1521859.0,,
252122,1287397.0,1287404.0,1287400.0
417116,1047252.0,1682793.0,1470149.0
343492,1474761.0,1474715.0,121704.0
441736,1757874.0,1757875.0,
39956,20959.0,34485.0,21416.0
121200,1914682.0,63214.0,1914681.0
49235,21709.0,141940.0,141932.0
208458,1772935.0,1102549.0,91969.0
276691,1330611.0,1330608.0,1330617.0
265081,1310573.0,157990.0,193003.0
336249,217302.0,1455420.0,206393.0
83451,53782.0,1136726.0,1136725.0
81469,2648.0,100295.0,52616.0
39208,122489.0,259.0,122488.0
84642,9221.0,10556.0,563095.0
274911,,,
367204,1533057.0,1533051.0,1533050.0
255512,98420.0,1190885.0,488152.0
96029,1007617.0,1007619.0,1007620.0
328193,1292240.0,1292240.0,1433958.0
231810,76026.0,93919.0,1267052.0
271813,8516.0,30984.0,1083986.0
223680,129565.0,1331487.0,1331489.0
350872,1489420.0,1489415.0,1489414.0
167079,1482346.0,561882.0,1482334.0
412906,151808.0,162587.0,1670591.0
85683,1500057.0,1500075.0,1500076.0
54729,31140.0,67913.0,72994.0
74891,572129.0,572128.0,
41926,78589.0,,
62322,4785.0,42157.0,81200.0
13952,,,
30525,825.0,97880.0,1324358.0
69779,455288.0,582605.0,455287.0
411417,1184590.0,,
58727,61697.0,11024.0,10963.0
34381,56322.0,21200.0,13446.0
42480,55779.0,20753.0,15661.0
46550,1004779.0,1004782.0,1004781.0
398266,1611968.0,60846.0,1123810.0
55471,1360858.0,222474.0,222473.0
51946,86468.0,107508.0,1252801.0
33133,81346.0,76835.0,
407820,1655289.0,1655288.0,1655286.0
31999,27260.0,1161048.0,78595.0
54812,102649.0,969492.0,
45321,22223.0,63234.0,230060.0
39425,119810.0,58800.0,51383.0
73948,1200042.0,,
454713,1805012.0,1805017.0,1805018.0
43929,1784447.0,1784446.0,1784445.0
50662,65561.0,9576.0,67913.0
51907,,,
346844,,,
80308,21411.0,61109.0,89799.0
52039,7370.0,145208.0,557579.0
44222,130521.0,,
55935,1935812.0,747.0,223409.0
55769,43775.0,10131.0,56576.0
398296,1622630.0,,
453539,1801353.0,1801353.0,1801354.0
369425,94492.0,1538859.0,1538854.0
149938,1410761.0,1410764.0,1410759.0
55840,1276470.0,1276469.0,1276468.0
451916,1795060.0,1795063.0,1795062.0
60002,,,
41856,,,
155783,1326667.0,1326666.0,
216192,,,
48494,,,
400454,,,
348802,127720.0,108538.0,
451202,,,
344328,1476409.0,1476408.0,
459835,,,
327938,,,
54930,1371600.0,1371602.0,1371601.0
57758,,,
26279,,,
12430,74048.0,,
46899,15576.0,1670.0,97416.0
22027,468565.0,582032.0,582031.0
309397,1830039.0,1518644.0,1830038.0
49448,1037730.0,108894.0,201074.0
30118,105714.0,105715.0,
204366,454177.0,1186722.0,1186721.0
31328,,,
23516,239580.0,239581.0,239579.0
35237,574101.0,574098.0,574100.0
46355,135990.0,135989.0,135988.0
4684,118861.0,37485.0,38832.0
92304,6681.0,22434.0,42196.0
482776,119145.0,1254835.0,1910334.0
15773,59039.0,150413.0,
56022,11149.0,43858.0,2536.0
27828,72838.0,72839.0,72836.0
423289,1700974.0,1700971.0,
40943,,,
246162,1281705.0,1281702.0,1281703.0
344091,110589.0,1475937.0,1475890.0
317807,,,
419374,1689083.0,1689074.0,1689082.0
259898,1245966.0,79827.0,1302348.0
73776,1037.0,258.0,1562.0
107021,1379151.0,1379154.0,75403.0
52537,342.0,31367.0,146160.0
47195,,,
471646,155921.0,37250.0,1741441.0
209627,53461.0,51744.0,1202521.0
334159,94304.0,1457864.0,204196.0
56080,,,
55021,1147885.0,1147882.0,1147883.0
364723,1383869.0,1525031.0,1225441.0
439006,8857.0,34981.0,60158.0
485922,,,
211045,1367746.0,1367747.0,1367745.0
454112,,,
232234,,,
451139,1791871.0,,
153226,13950.0,117431.0,37432.0
296368,4766.0,1286707.0,75315.0
257904,1298416.0,1298413.0,
348906,,,
40692,2136.0,7465.0,964809.0
451140,,,
364657,1397007.0,75685.0,1524808.0
290659,19767.0,1224314.0,92508.0
204381,1318118.0,,
18432,36801.0,33654.0,25872.0
356636,1501469.0,1501471.0,1360742.0
232810,1268026.0,1267960.0,1267985.0
308269,1225377.0,1447886.0,1447879.0
456503,1668563.0,233523.0,1812266.0
347816,1288520.0,1485233.0,1288513.0
232802,1267974.0,1267977.0,1267975.0
125733,1081572.0,1081570.0,1081571.0
368969,3174.0,1537127.0,944717.0
301864,1383335.0,1383333.0,1383336.0
158637,22093.0,128938.0,117768.0
256995,37089.0,6066.0,141034.0
352734,483327.0,93255.0,1269275.0
291451,1362301.0,1362302.0,1362300.0
316164,1410455.0,1410453.0,1410456.0
361344,1447738.0,,
187558,23757.0,1016490.0,1016490.0
277616,1332036.0,544705.0,
74560,572113.0,572109.0,572103.0
352601,1082683.0,1269275.0,147542.0
233990,61980.0,1269486.0,184121.0
286699,1352949.0,,
39028,72985.0,37151.0,77439.0
444612,1579373.0,1768492.0,1768459.0
344980,1478175.0,1478177.0,1478176.0
25760,94170.0,,
232804,1267958.0,1267958.0,1267987.0
337665,1158441.0,1389276.0,1460121.0
300515,1380949.0,1380951.0,
276236,73269.0,54519.0,257713.0
348179,,,
26647,,,
270125,78102.0,1320273.0,1320272.0
404547,1644240.0,1644243.0,1563023.0
338652,1462823.0,1462825.0,1462827.0
324030,1423950.0,1405466.0,
278856,1334683.0,1334682.0,1251138.0
57599,550080.0,550081.0,
262875,1306851.0,1306847.0,1306850.0
403337,1217934.0,1640179.0,1640177.0
217496,1202323.0,1202326.0,1202327.0
436480,1628421.0,1743165.0,1743163.0
382270,1578853.0,1578855.0,1578856.0
352811,1493093.0,1230955.0,1059195.0
47280,55275.0,2049.0,53651.0
471666,1873001.0,,
14520,43778.0,35476.0,6066.0
47974,1041440.0,79731.0,53923.0
277783,44079.0,42113.0,
334196,2956.0,6474.0,14984.0
41812,11355.0,22226.0,11160.0
389468,4513.0,18067.0,25655.0
288234,,,
49965,63234.0,143161.0,80596.0
344081,1475898.0,1136020.0,105055.0
39831,1523291.0,1523293.0,1523294.0
39984,54564.0,543204.0,73781.0
24237,91400.0,91399.0,91401.0
119142,1069256.0,1069251.0,1069255.0
36864,62220.0,21142.0,6734.0
51065,57773.0,557385.0,557387.0
46259,5151.0,29774.0,54126.0
43493,1222596.0,35468.0,129541.0
45121,2878.0,20753.0,9811.0
35681,114587.0,114586.0,114585.0
57020,7218.0,1275.0,36628.0
407882,1655546.0,1655555.0,1655554.0
333298,1447192.0,1447188.0,
37651,,,
75154,574053.0,574058.0,574054.0
56237,1293452.0,1032348.0,1293446.0
145650,135715.0,1123026.0,1123028.0
93058,44995.0,12799.0,15661.0
205101,,,
263002,,,
344083,13617.0,1475901.0,38163.0
49480,42993.0,38666.0,3982.0
36605,115697.0,115696.0,115695.0
193450,89989.0,7332.0,33024.0
114093,1058126.0,1058116.0,1058115.0
190980,1124624.0,1155173.0,1171550.0
348156,,,
353677,1495100.0,1495104.0,1495106.0
279135,31549.0,21549.0,389.0
63038,58058.0,11827.0,236410.0
164708,46423.0,41256.0,44691.0
295354,267634.0,1037998.0,
348157,,,
232799,1267969.0,1267960.0,1267970.0
25489,93894.0,27659.0,
52642,146389.0,,
60472,,,
430793,1724476.0,1724486.0,1724470.0
60237,,,
44225,11160.0,93037.0,146564.0
392595,87934.0,1232379.0,64346.0
348172,1710329.0,1710375.0,98967.0
56024,25023.0,68494.0,205366.0
309401,68301.0,87461.0,558312.0
47521,41687.0,60060.0,139049.0
201581,12851.0,66221.0,163671.0
62361,71241.0,,
28357,,,
98387,55636.0,34597.0,37430.0
25521,,,
328260,,,
43422,,,
123029,22461.0,16660.0,186851.0
32226,77150.0,4255.0,79494.0
281588,45039.0,19207.0,105027.0
29758,465942.0,581456.0,465944.0
135771,95314.0,1103792.0,1103793.0
407910,127935.0,1542616.0,140503.0
47602,108246.0,61778.0,1094507.0
44577,134199.0,134200.0,1232540.0
94367,1001804.0,1001811.0,1001807.0
47597,,,
348165,,,
312714,1288494.0,1335207.0,572332.0
446985,1776593.0,,
218337,42952.0,1171718.0,1203083.0
60368,13312.0,28110.0,21721.0
268806,,,
36585,73831.0,149215.0,
206994,36059.0,51579.0,4031.0
49234,,,
41643,,,
65179,1061160.0,1107629.0,
56934,378.0,224153.0,41819.0
49262,,,
373925,78021.0,1092249.0,
46307,135807.0,8350.0,135804.0
68624,11367.0,20767.0,137426.0
26751,96145.0,,
67812,549493.0,219795.0,
16185,93612.0,105762.0,93610.0
34306,324315.0,531823.0,574266.0
36562,11160.0,586.0,1188681.0
40935,125058.0,125061.0,125059.0
97986,1016009.0,1016003.0,1016005.0
46390,,,
170075,928837.0,1307520.0,1307521.0
39372,,,
54211,1506247.0,1615590.0,84792.0
36863,,,
44384,549482.0,549481.0,549483.0
33132,21290.0,,
37286,12056.0,117351.0,
38095,,,
43736,305937.0,107792.0,1184608.0
37646,,,
438028,103998.0,1184444.0,102096.0
359670,1509759.0,1509750.0,1509763.0
50499,487619.0,75340.0,1860592.0
414599,,,
348168,,,
115802,174793.0,1062036.0,52366.0
34696,937397.0,1230871.0,58942.0
55815,,,
85524,165521.0,78792.0,935321.0
50778,43373.0,,
54382,150506.0,150509.0,150508.0
50663,1125.0,43131.0,59070.0
19785,,,
487823,1925867.0,567726.0,
348154,,,
63965,125317.0,1230311.0,238357.0
25107,,,
348175,94927.0,35634.0,98967.0
65509,7523.0,68842.0,3288.0
39849,,,
63402,,,
215157,3141.0,21315.0,21063.0
43743,,,
28149,35579.0,78021.0,99860.0
339217,1464651.0,,
55851,,,
20144,212772.0,,
15753,195071.0,,
44828,131517.0,,
348164,,,
437551,25501.0,36563.0,19766.0
1861,19565.0,19564.0,
25554,93989.0,93987.0,93986.0
48931,,,
57297,58623.0,100062.0,225876.0
40521,138238.0,1168477.0,191751.0
12399,1497006.0,,
69159,,,
32527,156457.0,1186892.0,1186893.0
46760,937387.0,937384.0,182004.0
45163,263229.0,142607.0,144675.0
18554,,,
40013,123689.0,123668.0,123690.0
57485,61884.0,226339.0,61887.0
98230,1016304.0,935624.0,1016301.0
45246,,,
442310,1760224.0,1760225.0,
49218,,,
459898,1826365.0,112863.0,43107.0
458206,1819312.0,,
442523,16418.0,45114.0,1177744.0
34057,20750.0,23958.0,35241.0
37804,84407.0,1362791.0,
39388,3138.0,86267.0,34457.0
418226,137383.0,1400248.0,194897.0
261588,1305207.0,,
55736,19189.0,42706.0,12642.0
30910,,,
396838,1617718.0,1617716.0,256457.0
50954,14794.0,225520.0,1710878.0
53938,149342.0,,
46730,5578.0,18461.0,7004.0
95150,13604.0,1192775.0,204610.0
29366,,,
49228,,,
47413,138908.0,133080.0,138910.0
407903,1655626.0,1655625.0,1305249.0
55940,155860.0,223437.0,71033.0
57202,,,
48332,,,
296213,,,
484346,1722734.0,1914784.0,1914782.0
117606,33527.0,18658.0,29370.0
225554,138.0,104895.0,56978.0
369390,33656.0,4812.0,4177.0
99846,11163.0,9596.0,6463.0
129209,41243.0,214824.0,104281.0
192158,,,
323460,1756608.0,1462531.0,1756604.0
172868,10727.0,1369.0,
263962,4038.0,1308493.0,
27533,1853118.0,1695700.0,8907.0
269984,,,
24072,,,
395487,1613436.0,1613431.0,1613435.0
264896,7673.0,2536.0,14905.0
32223,94308.0,109038.0,
484344,1914781.0,1722734.0,1903477.0
164570,103728.0,87514.0,12497.0
39505,1500787.0,1500788.0,1500790.0
47183,,,
256708,,,
465601,5953.0,121647.0,
430251,19181.0,1722729.0,1361467.0
108253,1119768.0,1043380.0,1572342.0
55098,39520.0,19189.0,9979.0
255207,222485.0,206675.0,550352.0
40970,,,
47592,,,
464967,32827.0,1086865.0,51741.0
219156,97619.0,41262.0,169922.0
98177,8963.0,1329244.0,1329242.0
357817,80116.0,8894.0,99607.0
348173,94927.0,98969.0,100635.0
312760,,,
23796,,,
423847,,,
355368,1213189.0,559278.0,989372.0
111446,103071.0,10161.0,151443.0
348502,53924.0,1089169.0,1226334.0
46795,,,
353922,1800836.0,1904063.0,
257266,17580.0,35341.0,165596.0
344077,1475891.0,,
376364,1559374.0,1559375.0,1559373.0
455708,,,
434577,1737378.0,1737376.0,1737374.0
28841,,,
300404,1380413.0,1380415.0,1380414.0
220864,1206043.0,120008.0,1137002.0
282184,1090659.0,76517.0,77250.0
268525,1267899.0,1267901.0,1267898.0
455208,1299850.0,,
465268,1847671.0,,
44948,55259.0,131787.0,
292773,81685.0,11886.0,21479.0
397075,57905.0,175302.0,105777.0
65090,,,
279176,1335376.0,,
461801,6807.0,159657.0,170953.0
252945,45211.0,1104101.0,152543.0
397169,52083.0,180822.0,178085.0
109610,1037.0,12139.0,47640.0
28718,97619.0,101716.0,101715.0
254605,39576.0,1291218.0,1158023.0
67970,15993.0,100295.0,102235.0
114734,29370.0,79584.0,1399398.0
29073,12355.0,1449672.0,1449671.0
59096,,,
200202,518.0,24203.0,769.0
375843,1057062.0,,
360431,1512062.0,1512060.0,1512064.0
163514,5892.0,1327871.0,100998.0
461810,44188.0,245378.0,185277.0
132012,153464.0,30687.0,82860.0
269983,1360139.0,1360140.0,
343363,1474369.0,1474368.0,
54927,,,
162049,1500137.0,1500140.0,1424503.0
28653,938779.0,101456.0,1466332.0
41262,,,
293499,1365353.0,1365357.0,1365362.0
173270,1300945.0,,
40796,,,
119010,1620449.0,1068925.0,192007.0
397229,21089.0,84522.0,6074.0
411108,16475.0,291.0,86110.0
279816,2171.0,1721939.0,21525.0
412460,,,
55182,84926.0,,
41219,,,
144225,1348968.0,1348972.0,1348971.0
163695,11397.0,189315.0,1145114.0
28094,97698.0,79592.0,97619.0
138998,1851674.0,1851679.0,1851676.0
44694,2887.0,,
43926,,,
68240,1458962.0,1227554.0,557589.0
93938,1500598.0,1500596.0,1486500.0
218453,1203171.0,1203168.0,1203170.0
32881,10985.0,1124636.0,
137765,143440.0,1542543.0,1542542.0
238581,136298.0,229639.0,1273176.0
412741,1050147.0,1552110.0,1288492.0
398407,87485.0,,
42895,,,
57083,,,
232862,1268098.0,71660.0,71660.0
283990,1285746.0,,
354668,19181.0,1497115.0,1497113.0
325044,4966.0,1426205.0,10487.0
302783,91720.0,91719.0,
384705,,,
431869,1728256.0,1728257.0,1728260.0
436491,16506.0,196104.0,1375929.0
455707,,,
428604,108204.0,1717143.0,1717144.0
471025,151380.0,58151.0,73659.0
464903,1846092.0,1846090.0,1846089.0
